anger	Kuka sin√§ luulet olevasi?
not-anger	Kritiikki suhtautui my√∂nteisimmill√§√§nkin vaisusti Lasse P√∂ystin kolmanteen ohjausty√∂h√∂n.
not-anger	Mutta et ep√§r√∂isi ottaa teht√§v√§√§ vastaan , jos sit√§ tarjottaisiin sinulle ?
not-anger	En voi katsoa taaksep√§in , juoksen , juoksen niin lujaa kuin jaksan , niin kauas kuin jaksan .
not-anger	On kuitenkin s√§√§li, jos meill√§ hukataan hyv√§ tilaisuus pys√§hty√§ ja oivaltaa, ett√§ t√§ss√§ on mahdollisuus muuttaa maailmaa.
not-anger	Mary Pat, Mary Kate, Mary Frances, vauhtia!
not-anger	Kun istun yo-valvonnassa ja joku juuri saliin tullut opettaja l√§hestyy minua ajattelen automaattisesti h√§nen olevan huonojen uutisten tuoja .
not-anger	Itse v√§h√§n emmin .
not-anger	Oletteko varma, ett√§ toivoa ei ole?
not-anger	T√§llaisesta turmeltuneesta taipumuksesta on joissakin valtioissa tullut jopa todellinen kansallista urheilua .
anger	Ei aloiteta taas t√§t√§ joutavaa keskustelua.
not-anger	T√§ss√§ suhteellisessa hiljaisuudessa on jotakin outoa.
not-anger	Minua palelee ja korvaani jomottaa .
not-anger	No niin, rauhallisesti nyt.
not-anger	¬ª Sen viel√§ ymm√§rt√§√§ , etteiv√§t nuoret osanneet ajatella t√§t√§ itse , mutta jonkun aikuisista olisi pit√§nyt tajuta .
anger	Min√§ en jaksa t√§t√§ el√§m√§√§
not-anger	Nyt jo on havaittavissa ennen niin yleisen toimistokuukkelin v√§henemist√§ tai suoranaista katoamista joiltain alueilta .
not-anger	Dan Lipranzer ja Rusty Sabich tekev√§t ty√∂t√§ vuorotta - l√∂yt√§√§kseen Raymondille murhaajan.
anger	Mist√§ hitosta on kyse, Rotzinger?
not-anger	Emme, jos et halua poikaasi tapettavan.
not-anger	T√§m√§ on ainakin tietyiss√§ j√§senvaltioissa levi√§v√§n halpojen hintojen ideologian osalta kysymys , joka huolettaa minua yh√§ enemm√§n .
not-anger	Yritin kerran tehd√§ t√§√§ll√§ mutta ne nyt oli ihan kauheita ja ep√§onnistuneita .
anger	H√§n ei ole kuningas, vaan kiimainen rakki!
not-anger	Luulin, ett√§ oli sairas.
not-anger	Onpa tosi vaisu ilta.
not-anger	Tollasia audeja n√§kee liikenteess√§ noin 97 tusinassa.
anger	‚Äù Vittu mik√§ losoperse ‚Äù , ajattelen .
not-anger	SDP:n varapuheenjohtaja Sanna Marin esitti t√§n√§√§n kannanoton, jonka mukaan h√§n n√§kisi SDP:n jatkossa mieluummin muussa kuin kokoomuslaisen p√§√§ministerin johtamassa hallituksessa.
not-anger	t√§h?
not-anger	He saattavat tarvita apua.
not-anger	En m√§ halunnu niitten kaa olla .
anger	Todella rumia ja ep√§loogisella k√§ytt√∂liittym√§ll√§ varustettuja paskoja!
anger	En jaksa kuunnella t√§t√§ roskaa en√§√§.
anger	H√§ivy √§l√§k√§ tule ikin√§ takaisin.
not-anger	Olinhan tehnyt tyt√∂n olon aika ep√§mukavaksi.
not-anger	Niinp√§ tulin kuljeskelemaan alakertaan ja kauhistelemaan sotkua , joka ei edes ole mik√§√§n massiivinen .
not-anger	Harmittavasti Digitin yritykset eiv√§t tuottaneet pisteit√§ ja vastustaja sai pidetty√§ palloa pelin loppuun saakka .
not-anger	Misogynia tappaa: paitsi naisia, my√∂s miehi√§ ja t√§rkeimp√§n√§ mahdollisuuden ratkaisuihin ja rakkauteen.
anger	Se ukko oli kyll√§ yksi saatanan maanvaiva , ihan pahimmasta p√§√§st√§ !
not-anger	Yksi herttainen sukulaisem√§nt√§ ehdotti meillekin s√§hk√∂pantaa, kun erehdyttiin sanomaan ett√§ koira haukkuu v√§lill√§ toisia ja innostuu liikaa.
not-anger	Eka ihan hullut kuumeet ekat kolme p√§iv√§√§ ja olin periaatteessa ihan toimintakyvyt√∂n, nyt ei oo kuumetta mut sen sijaan kurkku kipee, ysk√§ ja nen√§verenvuodot iskee
not-anger	Kasvosi n√§ytt√§v√§t kauheilta. Taisit kokea kivuliaan kuoleman.
not-anger	Tanssimiseen tarvitaan vakaammat jalat , liikkuvampi lantio .
not-anger	Niiss√§ on korostettu , ett√§ poliittinen vuoropuhelu on paras keino saada Iran vakuuttuneeksi .
not-anger	Etuk√§teen annettava katsaus pit√§isikin asettaa v√§himm√§isvaatimukseksi .
not-anger	T√§st√§ minulle tuli mieleen maaseutu , ja minua palelsi viel√§ pitk√§lle iltaan .
anger	Jos sin√§ et l√§hde, min√§ l√§hden!
not-anger	Puhun joka viikko Suomeen kotiin , Jussille ja kavereille , tutuille , joten ihmettelin tosi paljon tuota reaktiota .
not-anger	Komission ja teid√§n lains√§√§t√§j√§n√§ on nyt p√§√§tett√§v√§ vaikeasta leluja koskevasta kysymyksest√§ .
not-anger	S√§√§st√∂t tehd√§√§n lasten ja vanhusten kohdalla ja sulla ei oo nime√§, ellei sua ole kastettu.
not-anger	Onkin eritt√§in t√§rke√§√§ , ett√§ perunat√§rkkelyksen tuet ovat samalla tasolla kuin viljalle annettavat tuet .
not-anger	Nato painostaa j√§senmaitaan luopua asevelvollisuudesta!
not-anger	persublogeissa ja keskusteluissa k√§ytett√§v√§ suomen kieli on monasti niin avutonta ja ala-arvoista, ett√§ on siin√§ persunuorilla perkaamista.
not-anger	T√§m√§ on hienoa , mutta hellitell√§ voi my√∂s seksill√§ .
not-anger	Pit√§isik√∂ niist√§ olla jotenkin erityisen huolissaan juuri siksi ?
not-anger	Kovin oli kiireinen, sujahteli paikasta toiseen kiit√§en, lounasaika kun oli, asiakasta valui tasaiseen tahtiin.
not-anger	Vuosi kerrallaan koko j√§√§pallo lajina kuihtuu ja siirtyy pohjoisemmaksi ilmaston l√§mpenemisen seurauksena.
not-anger	Vaikka ei lopulta ollut.
not-anger	M√§ n√§en sen viel√§, vaikka sokeutuisin.
not-anger	tietoisesti en rikostani tehnyt , vain tiet√§m√§tt√∂myytt√§ni .
not-anger	Kannattaa ilman muuta korjauttaa.
anger	Ruumis teist√§ tulee ellette tee kuten k√§sken.
anger	Painu hiiteen t√§√§lt√§ tai rikon naamasi.
not-anger	Jos kuitenkin haluaa kokeilla niin CCleaner on turvallinen ja hyvin ajantasalla pidetty ja tuntee kaikki uudemmat ohjelmat joita JV16:sta aikane ei ollut edes olemassa. http://www.download.fi/tietoturva/jarjestelman_puhdistus/ccleaner.cfm
anger	Tuki suusi, Sheryl Ann.
not-anger	Katselin Oxford Streetin n√§yteikkunoita ja mietin, mit√§ ostaisin h√§nelle, jos minulla olisi rahaa.
not-anger	Ei. Se on surmanloukku.
not-anger	Olisi el√§m√§n pett√§mist√§ kielt√§yty√§ onnesta silloin , kun se tarjoutuu vastaanotettavaksi .
not-anger	Terveyden ja hyvinvoinnin laitoksen ( THL ) tilastot puhuvat karua kielt√§√§n : Vuonna 2011 kiireellisesti sijoitettuja lapsia oli 13 prosenttia enemm√§n kuin edellisen√§ vuonna.
not-anger	H√§n yritt√§√§ puhua t√§rkeist√§ asioista, mutta puhe j√§√§ puolitiehen; siit√§ tulee teknisesti hyvin toteutettua mutta sin√§ns√§ mit√§√§nsanomatonta suhtautumista.
not-anger	Tied√§ h√§nt√§, Graham. N√§m√§ nuoret kukkoilijat...
not-anger	Haluaisin n√§iden kahden herran viipyv√§n viel√§ hetken.
not-anger	Miksi olet ainoa joka ei pelk√§√§ minua?
anger	Ja se voitais tappaa kans .
not-anger	En halua h√§nen luulevan, ett√§ olen tunteeton.
not-anger	Kyse on el√§m√§st√§ ja kuolemasta!
anger	Vaikka ajotaidottomilla toopeilla olisi alla lumiketjut tai telaketjut niin he ajavat rajusti peltikolareita ja telovat ihmisi√§.
not-anger	Okei mut onks t√§s joku pointti #24KinHelsinki
not-anger	Valas voi rikkoa isonkin laivan ja nielaista koko miehist√∂n.
not-anger	Todellisuudessa ihminen on suitsinut tunteensa olemattomiin.
not-anger	Muut testin salit olivat joko hyvi√§ , v√§ltt√§vi√§ tai suorastaan ala-arvoisia .
not-anger	Olen yh√§ toimistossani, odottelen sinua.
not-anger	Joskus tuntuu silt√§ kuin mik√§√§n muu el√§m√§ss√§ ei ole mink√§√§n arvoista kuin hirmuinen vauhti .
not-anger	Olet ollut aina vahvempi.
not-anger	Kun h√§n oli nuori poliisi, Brennan sai syytteen - 16-vuotiaan mustan pojan ampumisesta.
not-anger	Toisaalta on t√§rke√§√§ , ett√§ k√§yt√∂ss√§ on tarkat ohjeet ja riitt√§v√§sti varoja sellaisilla osa-alueilla kuin laadukkaiden ty√∂paikkojen luomisessa , sellaisten oikeuksien kuten yht√§l√§isten oikeuksien ja mahdollisuuksien tehokkaassa edist√§misess√§ , yhteisvastuullisen talouden ja sosiaalitalouden tukemisessa , maaseudun kehitt√§misess√§ sek√§ pienten ja keskisuurien yrityksien tukemisessa ja kaupunkiv√§est√∂n el√§m√§nlaadun parantamisessa puutetta k√§rsivill√§ alueilla , mik√§ tapahtuu erityisesti yhteiskunnallisen asuntotuotannon avulla kaupunkiasumisen kest√§v√§√§ kehityst√§ silm√§ll√§ pit√§en .
anger	Ja s√§ tuot n√§m√§ rotanperseet t√§nne?
not-anger	Haluan kerrankin pelata voittajan puolella.
not-anger	T√§h√§n on upotettu tuhat ty√∂tuntia.
anger	Mik√§ vittu sin√§ olet?
not-anger	H√§n tulee sis√§√§n koputtamatta.
not-anger	Suomalaisten TOP 5 kansantaudit (aakkosj√§rjestyksess√§) ja suurimmat #sote -menojen aiheuttajat: 1.astma ja allergiat 2.diabetes 3.muistisairaudet 4.syd√§n- ja verisuonitaudit 5.sy√∂p√§ =&gt; Ratkaisun avain on ennaltaehk√§isy! #terveydenhuolto #terveys https://t.co/ZjsNdo3BlI
not-anger	Sillon min√§ vuosin , purskahdin itkuun ja kastelin housuni , en mahtanut sille mit√§√§n .
not-anger	Hallitus haluaa , ett√§ sen viesti√§ kuunneltaisiin tarkemmin tiedotusv√§lineiss√§ .
not-anger	Ei se ole mik√§√§n salaisuus.
anger	Heitt√§k√§√§ ne pellet vittuun sielt ruudusta ja hankkikaa sinne oikeita √ÑIJI√Ñ,Suomi on t√§ynn√§ raskaan ty√∂n raatajia,niin et tommoset pellet vois painuu veehen pystyyn.
not-anger	Esineet , joista emme oikeasti pid√§ ja joihin emme koskaan koske ker√§√§v√§t p√∂lyn lis√§ksi negatiivista energiaa .
not-anger	Mutta uskaltaako se menn√§ yksin jossain metroasemalla poistamaan oksennukseensa sammuneen nistin ?
not-anger	Erityisesti ammatillisen ty√∂voimakoulutuksen teho laski .
anger	Hei, √Ñlk√§√§ miss√§√§n nimess√§ ottako paskaa DNA-puhelin liittym√§√§, koska laskuttavat vaikka liittym√§ on suljettu ajat sitten, niin viel√§ laskuttavat kahden kk:n perusmaksut.
not-anger	Nyt p√§√§sit liskon kuopasta ja voit juosta kotiisi.
not-anger	(meinaan ne siin√§ pikaselaimessa) esim. horoskooppi + kaikki viihdepalvelut...
not-anger	Viel√§ kerran vilkaisin huoneen poikki ja nielaisin syd√§meni joka takoi lailla rumpalin , sellaisen joka katkaisisi joka viidennell√§ iskulla v√§hint√§√§n toisen kapuloistaan .
not-anger	Soluseinien kautta ohueen kaasukeh√§√§n haihtuva vesi kirvisteli ik√§v√§sti .
not-anger	Haluan √§kki√§ pois t√§√§lt√§.
not-anger	T√§m√§ koskee esimerkiksi m√§√§r√§yksi√§ vastuusta kortin kadotessa tai lis√§√§ntyv√§st√§ Internetiss√§ k√§yt√§v√§st√§ v√§hitt√§iskaupasta .
not-anger	- Mill√§s min√§ teit√§ est√§isin ?
anger	Se ei kuulu sinulle.
not-anger	√§lk√∂√∂n kerrottako
not-anger	Kuulin ett√§ sinut halutaan syrj√§√§n tutkimuksista.
not-anger	EMI Group , Sony Music Entertainment , Vivendi SA's Universal Music Group ja Warner Music Group l√§htiv√§t yhdess√§ Espanjan levy-yhti√∂iden Promusicae-j√§rjest√∂n kanssa k√§r√§jille vaatimaan espanjalaiselta Pablo Sotolta 13 miljoonan euron korvauksia .
not-anger	Kuka ne mittaa, ihminen itse on useinmiten sokea itsest√§√§n.
not-anger	Vihkoa ei valitettavasti l√∂ytynyt edes n√§iden suurten etsint√∂jen p√§√§tteeksi .
not-anger	Twingolle nauravat kaikki, jotka autoista v√§litt√§v√§t.
not-anger	Puristuslukitus on siit√§ hyv√§, ett√§ se pit√§√§ keula-ankkurin t√§ysin liikkumattomana.
anger	Montako kertaa minun pit√§√§ sanoa se?
not-anger	Ent√§ se, ett√§ is√§ on matkalla sairaalaan ja Juniorilla oli kamala ensimm√§inen p√§iv√§?
not-anger	Se oli se tunne kun hyp√§tess√§√§n huomasikin unohtaneensa laskuvarjonsa kotiin , luuli ehk√§ jopa ettei sit√§ olisi tarvittukaan .
anger	√Ñrystt√§v√§√§.
not-anger	Sen ilma tuntui tunkkaiselta , hiekkaiselta ja betoniselta .
not-anger	Kuka sen sinulle antoi?
not-anger	Jos k√§yt√§n viimeisen toiveeni...
anger	Taidat olla unessa perseest√§ revittyjen teorioittesi kanssa?
not-anger	Sin√§ et tunne minun √§iti√§ni.
not-anger	Saattoi olla sarkasmia, eli sen tiedostamista miten v√§√§rin teen.
not-anger	HOT & SPICY BURGER on todella tulinen ja sopii vain tulisten ruokien fanaatikoille.
not-anger	Se lomake oli valtakirja, Paulie!
not-anger	Mik√§li tuota huonoa loppua ei olisi ollut pisteet olisivat nousseet ainakin puolella t√§hdell√§.
not-anger	Anna nyt tyt√∂lle heng√§hdystauko.
not-anger	Tai jos sovitaan niin, ett√§ kun olet ostanut kattilan, maksat kattilan hinnan joka kerta uudelleen kun k√§yt√§t kattilaa.
not-anger	Otan asiat tarkkaan, Hasslein.
not-anger	Pohjant√§hti hukassa sit√§ sitten heittelee k√§nni-ukemeja edestakaisin tajuamatta tuon taivaallista .
anger	Se ei tule kysymykseenk√§√§n.
not-anger	J√§rven j√§√§ on ruman v√§rist√§ , taivaalla ei n√§y valoa , kaikkialla on h√§m√§r√§√§ , juuri inhottavan h√§m√§r√§√§ .
not-anger	Meid√§n t√§ytyy saada kaikki fantasialaiset auttamaan!
not-anger	Toinen heist√§ on t√§ysin kuutamolla ja toinen on fiksuista fiksuin.
not-anger	Kaikki materiaali ei ollut ihmisille mitenk√§√§n tuttua, ja parissa yleis√∂nhuudatuskohdassa b√§ndi√§ kohtasi syv√§ hiljaisuus.
not-anger	Mutta onko Red Bullin korkea hinta oikeutettua korkealla laadulla?
anger	Pys√§yt√§n auton, ty√∂nn√§n sinut ulos ja saat k√§vell√§ loppumatkan kotiin.
not-anger	Onko joku jo muistanut kertoa , ett√§ is√§ kuolee ?
not-anger	Olen mukana syytt√§m√§ss√§, tuomitsemassa ja rankaisemassa.
not-anger	Miksi katsoessani niit√§ , n√§en vain tyhj√§n lumisen jalkak√§yt√§v√§n , sen , jota pitkin sin√§ et saavu ?
not-anger	Juuri siell√§ kadotin Keyesinj√§ljet!
anger	Mutta jos ette ole ahkeria, - teit√§ rangaistaan.
not-anger	H√§n auttoi minut jaloilleni Ja katselimme toisiamme Kun vanha mies lauloi K√§sitys syk√§yksitt√§in rintaan meni Korjasi kaikki vikamme Mies laulussaan olutta joi Noissa silmiss√§ heijastui unelmien pakoilu Ja el√§m√§n ihana turhuus Kiireet√∂n lauantainen makoilu Ja maanantaiaamun kurjuus
not-anger	Soitin Bachia ja hiukan Chopiniakin mutta p√§iv√§ ei tuntunut j√§lkimm√§iselle otolliselta.
not-anger	Se on vain valokuva.
anger	Se blondi narttu, ehdonalaisvalvojani, j√§rjesti sen.
not-anger	Millainen lapsi min√§ olen ?
not-anger	Muutamaa puheenvuoroa tekee mieleni kommentoida : STM:n kansliap√§√§llikk√∂ Markku Lehto totesi kunnallisen, yksityisen ja julkisen sektorin selvi√§v√§n yhdess√§ hyvin kansallisen terveysprojektin hoitoonp√§√§sytavoitteista.
not-anger	T√§m√§ on sen verran rankka duuni, ett√§ saa nuoremmat jatkaa.
not-anger	s√§hk√∂tulostaulut ja tiedot meniv√§t bulgarialaisilta yli ymm√§rryksen .
not-anger	Pitk√§aikaisty√∂tt√∂myys pit√§√§ v√§ltt√§√§
not-anger	Vilkaisu yl√∂s saa meid√§t ep√§ilem√§√§n teht√§v√§n onnistumista : kaukana kaukana suoraan yl√§puolellamme n√§ytt√§√§ olevan .
anger	Savustan sinut ulos sielt√§.
not-anger	Ei ainakaan Kuopiossa osata k√§tt√§ heiluttaa vaan l√§hes aina se auto pys√§kill√§ k√§y kun n√§m√§ miettii l√§hte√§kk√∂ vaiko ei
not-anger	#Suomi100-juhlaottelun avauskiekon pudotti J√§√§kiekkoleijona #8 Pentti Isotalo, jolle Hakamets√§n yleis√∂ antoi seisaaltaan suosionosoitukset. #Ilves #Liiga https://t.co/DMe2as3Ew5
not-anger	T√§ss√§ ei sin√§ns√§ ole mit√§√§n uutta : useimmissa foorumeissa moderointi on olemassa t√§ysin ministerien kannanotoista riippumatta.
not-anger	No niin, kaverit, √§lk√§√§ nyt.
not-anger	Valitettavasti t√§llaista laatuaikaa ei ole tarjolla suoritusportaan ty√∂ntekij√∂ille kovinkaan usein.
not-anger	En l√§hde t√§√§lt√§ t√§n√§√§n.
not-anger	Neiti, on asioita, joita et saisi katsoa.
not-anger	Miten uskallat koskaan avata edes selainta koska heti ensimm√§isen sivun avattuasi selain kirjoittaa SSD:llesi jopa kymmeni√§ megatavuja?
not-anger	miksi meid√§n pit√§√§ olla Natoon intoilemassa ?
not-anger	Ja silloin vasta silloin ensimm√§isen kerran kunnolla silloin ymm√§rr√§n , ett√§ ihminen on kuollut .
not-anger	Kun se saa jotain silmiins√§ saalis ei p√§√§se karkuun.
not-anger	Kun kev√§tpuoli on t√∂iss√§ aika raskas p√§√§tt√∂arviointeineen muineen .
not-anger	Serkkuni tiet√§√§ oikein hyvin, ett√§ olen l√§hett√§nyt kaiken mit√§ voin.
anger	Ovi auki - kusip√§√§!
not-anger	Eri puolilla Suomea on viime kuukausina tapahtunut useita j√§rkytt√§vi√§ henkirikoksia , joissa jompikumpi vanhemmista on surmannut lapsensa .
anger	Tule t√§nne, senkin pikku pakana!
not-anger	J. M. (Jukka Martinkari, Turun Sanomat 22.11.1959) piti elokuvaa Armand Lohikosken parhaana ohjausty√∂n√§, mutta l√∂ysi heikkouksiakin: "Elokuva paljastaa kuitenkin puutteet nimenomaan henkil√∂ohjauksessa.
anger	Onko vaikea hengitt√§√§, lutka?
not-anger	Meid√§n t√§ytyy saada apua Sarahille.
not-anger	M√§ painan k√§det korville , se on v√§h√§n ku menis jonneki pois .
not-anger	Meik√§ pelaa varman p√§√§lle.
anger	Revin sen kalenterista irti.
anger	hyi saatana
not-anger	Ep√§ilette siis, - ett√§ myrkky√§ oli laitettu ruokailun j√§lkeen h√§nen kahviinsa? Ja jostain kumman syyst√§ - oireet viiv√§styiv√§t? - Aivan.
anger	En v√§lit√§ paskaakaan siit√§, ett√§ olet lainvartija.
anger	Ja haista saatanan pitk√§ paska!
not-anger	Miten joku voi t√§√§ll√§kin asua ?
not-anger	Oman talouden hoitamisen hankaluus yll√§tt√§√§ monet nuoret kun muutto omaan ensimm√§iseen asuntoon on ajankohtaista.
not-anger	Juttu on tietokoneella, mutta papereita ei l√∂ydy mist√§√§n.
anger	√Ñl√§ edes harkitse sellaista.
not-anger	Tied√§n, ett√§ naiset esitt√§v√§t loukkaantunutta.
not-anger	My√∂s mainintasi Carolynin tavoista johtaa t√§h√§n ajatukseen.
not-anger	ei 1932 ilmestynyt ainoatakaan kotimaista kaunokirjallista uutuutta .
not-anger	Aikainen lintu jo nokkaansa puhdistaa, my√∂h√§iset vasta r√§pyttelev√§t siipi√§√§n.
anger	Et ala roikkua mun kaulassa .
not-anger	N√§in sen selv√§sti , kuinka avuttomat ja nauhattomat lenkkitossut upposivat taas kuralammikon pohjalle .
not-anger	Juttu on tietokoneella mutta papereita ei l√∂ydy mist√§√§n.
not-anger	Ett√§ h√§nell√§ on hautajaiset .
not-anger	Turkki luonnehtii @hdpdemirtas'ia "vangituksi militantiksi, jota syytet√§√§n terroristiseen j√§rjest√∂√∂n kuulumisesta." https://t.co/eDKnXIzlE6
not-anger	En voi uskoa, ett√§ oksensin rehtori Wormerin edess√§.
not-anger	Meh√§n olemme ainoita, joilla on varaa olla rehellisi√§.
not-anger	Miksi h√§n on alasti, kersantti?
anger	Paskat, h√§n on t√§√§ll√§.
not-anger	Pumppukiv√§√§reit√§ on turha j√§tt√§√§ tuonne lojumaan.
anger	Olen vihainen Stuckeylle, ett√§ h√§n sanoi niin.
not-anger	Siksi Nuorten Kotkien mielest√§ on erilaisia ongelmia ja kehitystarpeita arvioitava erikseen lasten n√§k√∂kulmasta.
anger	Voi helvetti sun kanssas .
not-anger	Koko julkaisu, tai edes b√§ndi, ei minua kiinnosta mutta uskoisin olevan ihan asianmukaisesti vinyylille masteroitu lafkan aiempien julkaisujen perusteella.
not-anger	Varmasti kokonaisuudessaan antaa paremmat kyydit mit√§ tollanen imppu.
anger	Sanoin jo, etten tied√§!
not-anger	En halua olla pelkk√§ nyrkkeilij√§, vaikka Murdock on hyv√§ ihminen.
not-anger	Moni silti n√§ytt√§√§ kadehtivan junttien el√§m√§√§.
not-anger	Olen luopunut siis yhdest√§ ilon l√§hteest√§, joka el√§m√§ss√§ni aiemmin oli.
not-anger	" Oleellisinta eiv√§t ole niink√§√§n ne suuret tulot vaan ne pienet menot." 
not-anger	Johnson, se mist√§ puhuimme √§sken...
not-anger	√Ñl√§ nyt viitsi, Cain.
not-anger	Kyseess√§ on ilmiselv√§sti osa valtion s√§√§st√∂toimia , mutta tarkemmin tutkittuna mielest√§ni varsin kyseenalaista s√§√§st√§mist√§ .
anger	Viek√§√§ h√§net ja muut my√∂s!
not-anger	Nyt ei ollut yht√§√§n aikaa hukattavissa .
not-anger	Kuinka se vapautui niin nopeasti, mutta sin√§ et ole liikahtanutkaan?
anger	Mikset vastaa? Lupasit, ettet tule sis√§√§n.
not-anger	V√§lill√§ pit√§√§ oikein keskitty√§ siihen mit√§ sanoo .
anger	Mikset tuki suutasi, itkupilli?
anger	N√§m√§ ovat v√§√§r√§t avaimet saatana!
not-anger	Mit√§ se tuolla tekee?
not-anger	( Sill√§ vaikka minulla olikin baarissa erinomaisen limsani √§√§rell√§ mukavaa , se ei sulje pois tyls√§√§ alkuiltaa ja yksin√§ist√§ seuraavaa aamua , kun olutta nauttinut Mies ei ollutkaan tullut y√∂ksi meille . )
not-anger	Menoleikkaukset lis√§√§v√§t ty√∂tt√∂myytt√§ ja jarruttavat talouskasvua .
not-anger	Meit√§ ei pit√§nyt sotkea juttuun.
not-anger	"Miehistynyt Pertti Melasniemi on sin√§ns√§ sangen osuva Olavi", ajatteli my√∂s Heikki Etel√§p√§√§ (Uusi Suomi 31.10.1971), "luonteva ja ilmeik√§s, mutta mit√§√§n varsinaisesti kehittyv√§√§ luonnekuvaa h√§n ei pysty rakentamaan, olosuhteet ovat vastaan.
anger	En tietenk√§√§n tied√§ numeroa, helvetti! Vauhtia!
not-anger	Enk√∂ voi tehd√§ mit√§√§n?
not-anger	Menet√§n puolet myyntiprovisioista, jos en ehdi kokoukseen.
not-anger	T√§m√§ muistuttaa meit√§ siit√§ miksi teimme keikan.
not-anger	Ent√§ jos h√§n puhuukin totta?
not-anger	T√§m√§n perusteella ei voi pid√§tt√§√§ ket√§√§n.
not-anger	Tuotteen etuja ovat tasainen koostumus, helppok√§ytt√∂isyys ja lempe√§ kookoksen maku.
not-anger	Minun maailmassani Keisarinnasta on j√§ljell√§ vain - tyhj√§ sivu.
not-anger	Jokaisella valmistajalla on my√∂s oma vannoutunut k√§ytt√§j√§kuntansa.
not-anger	H√§n k√§ytt√§√§ kaikkia mahdollisia keinoja p√§√§si menoksi.
not-anger	Mik√§li Molla ja mahdollisesti vastaantulevien valojen aikaansaaja , auto tai jopa kuorma-auto t√∂rm√§isiv√§t , ei olisi juurikaan v√§li√§ kuinka kauan mulla menis kotimatkaan .
anger	ET DNA on hevonpaska liittym√§.
not-anger	H√§n puhuu jos Case kiduttaa h√§nt√§.
not-anger	"miranda 43" Ole hyv√§.
anger	Mikset pid√§ turpaasi kiinni?
not-anger	Toivonkin lis√§√§ teid√§n kirjoituksianne mm. tavoistanne, ruuasta, perinteist√§, paikoista joihin ulkomaalaiset harvemmin osaavat hakeutua.
anger	Mist√§ hemmetist√§ on kyse, George?
not-anger	Hypp√§isin jos uskaltaisin .
not-anger	@DrakeSunniva @suldaansaid Asiallisesti k√§ytt√§ytyv√§ matkustaa mukavasti.
not-anger	Ei, istut nimitt√§in takkini p√§√§ll√§.
not-anger	et hypp√§isi
not-anger	Se sade oli vieny mun huomiota niin paljon , etten yht√§√§n tajunnu kuinka paljon kello oli , ja kun vihdoin tajusin katsoa sit√§ , p√§√§h√§ni iski vain isois√§n ohjeet saappaiden kuivaamisesta saunassa .
not-anger	Ottelun ratkaisi kotiyleis√∂n mykistykseksi Devilsin Claude Lemieux .
not-anger	Sinkoamme h√§net pimeyteen ja todistamme oman hyveellisyytemme.
anger	P√§√§st√§ minut - kusip√§√§!
not-anger	Minun pataljoonani upseerit eiv√§t tee raskaimpia t√∂it√§
not-anger	Kello soi , mutta en tee elett√§k√§√§n .
not-anger	Nuorena saatu p√§√§h√§npinttym√§ voi olla todellinen ongelma ja haitata normaalia el√§m√§√§.
not-anger	Luullaan , ett√§ kaikki on kunnossa , koska neuvoston enemmist√∂ kannattaa p√§√§t√∂st√§ .
not-anger	Siit√§ huolimatta, etsim√§mme murhaaja l√∂ysi sen.
not-anger	Taidan olla tavallaan kateellinen sinulle.
not-anger	Neuvoston ja komission alun ylioptimistisuus on selv√§sti laantunut .
not-anger	P√§√§ministeri Silvio Berlusconi ilmoitti pit√§v√§ns√§ t√§n√§√§n kaksi puhetta vakuuttaakseen kansalaiset ja sijoittajat siit√§ , ett√§ Italia pystyy est√§m√§√§n ajautumisen velkakriisin uudeksi uhriksi .
not-anger	Imatralaiset ehdokkaat ovat yksimielisi√§: Eiv√§t halua mukaan hallihankkeeseen https://t.co/hTpYEUPcrd https://t.co/RG9FY8SqMx
not-anger	Luulin, ett√§ h√§n pilaili.
anger	He eiv√§t tied√§ paskaakaan.
not-anger	K√∂yhyys lis√§√§ lasten hyv√§ksik√§ytt√∂√§ -Lapsik√∂yhyys on uhkana monille lapsen oikeuksien sopimuksen tavoitteiden toteutumiselle, esimerkkein√§ oikeus k√§yd√§ koulua, saada terveyspalveluja ja huolenpitoa.
not-anger	Kuullostaa sekin ihan jakautuneelta persoonallisuush√§iri√∂lt√§.
not-anger	Robert Benham kuoli turmassa, mutta se ei h√§mm√§styt√§ sinua.
not-anger	Mit√§ saadaan , kun purkitetaan sata naista ?
not-anger	Se nainen ilmestyi yht√§kki√§ ase k√§dess√§√§n.
not-anger	En min√§ ainakaan kotiin haluaisi kuvia hoitolapsista, ty√∂st√§ muistuttamaan lomalla.
not-anger	Valitettavasti t√§ytyy odottaa viel√§ hetki. Kunnes herra Inglethorp on paikalla.
not-anger	Siksi siit√§ ei muodostunut oikein kunnon kuvaa vaan hyvinkin kaksijakoinen.
not-anger	Olisin niin ollut tyytyv√§inen , jos olisin saanut kahdenkeskisen viikonlopun Miehen kanssa ja olisimme voineet huolettomasti palata lapsuuteen ja pelata Playstationia ( ykk√∂st√§ , tietenkin ) ja tietokonepelej√§ , py√∂ri√§ lumessa koiran kanssa ja sy√∂d√§ liikaa herkkuja .
not-anger	#Alkoholi tappaa oikeasti ja p√§ihdehoidon tulisi k√§ynnisty√§ aiemmin @Laakarilehti https://t.co/Brz4U9dUW7
not-anger	Me menetimme v√§h√§n aikaa, Loomis.
not-anger	Et n√§hnyt ett√§ tulin t√§nne. Et tied√§ minusta.
not-anger	Niihin aikoihin vastassa oli mafia. Piti olla kova p√§√§st√§kseen huumejuttuihin.
not-anger	J√§rjestelm√§llisesti Sinisalo muuttaa novelleissaan tutun ja totutun p√§√§laelleen ; se mit√§ luulemme omaksemme on jonkin muun hallussa, ihmisen ymm√§rrys maailmasta on jonkin toisen kirjoittama kuin h√§nen itsens√§, myytit totta ja totena pidetty pelkk√§√§ myytti√§.
not-anger	Onko t√§m√§ kaidalla polulla?
not-anger	Miljoonakellot ovat amppeleissa helppoja, ei nyppimisi√§ ja kun laittaa muutamia lannoitek√§pyj√§ mullan sekaan ja ehk√§ kastelurakeitakin, ty√∂ helpottuu huomattavasti.
anger	Senkin homo, minua ei l√§hennell√§ noin.
not-anger	Minusta n√§ytt√§√§ , ett√§ sinusta on tulossa juoppo .
not-anger	Oletko osunut viel√§ mihink√§√§n?
not-anger	Jos semmosen n√§yn joskus n√§ette hiukan ennen kolaria, ni se olen sitten min√§.
not-anger	Kuka hypett√§√§?
not-anger	Emmek√∂ voi loihtia toimistoa pois?
not-anger	My√∂s esimerkkin√§: K√§vin Haaparannalla on v√§√§rin kirjoitettu, se on K√§vin Haaparannassa.
not-anger	Suutaria, joka korjasi niin taitavasti tossuni.
not-anger	Tukisukkahousut tuntuisi hieman oudolta vaihtoehdolta, ja taitavat olla aika kire√§t my√∂s haaraosastosta.
not-anger	Murphyn tapaus oli ep√§tavallinen, muttei ainutlaatuinen.
not-anger	P√§√§t√§tte siis olla vastaamatta.
not-anger	Pulssini on tyls√§sti vain 87 .
not-anger	En kuitenkaan tuntenut oloani yksin√§iseksi , mutta silti oli koko ajan sellainen fiilis , ett√§ odotin jonkun saapuvan .
anger	T√§mm√∂sen pelin h√§vi√§minen vituttaa kaikista eniten (my√∂s futiksessa).
not-anger	Mutta sin√§h√§n pelaat vain tuotto-odotuksilla, et tuotolla.
not-anger	Et siis rakasta h√§nt√§ en√§√§?
not-anger	He l√§hettiv√§t sinut viem√§√§n minut.
not-anger	Sit√§ hergemp√§√§ sarjakuvaa 
anger	Jos annamme noiden paskiaisten kaivautua asemiin, meid√§n on tuhottava koko rakennus!
not-anger	2. Ota viel√§ yksi pikavippi
not-anger	Yuet Chi, mit√§ teet siin√§?
anger	Jos joku teist√§ kutsuu minua Francisiksi, tapan teid√§t.
not-anger	Autojen tyhj√§k√§ytt√§misest√§ on ehdottomasti luovuttava .
not-anger	Tilanne on Maken kannalta katsoen monella tavalla hankala .
anger	Mun t√§ytyy menn√§ m√§ en nyt oikeen jaksa mit√§√§n paskaa .
not-anger	Nyt he voisivat olla h√§nn√§nhuipputiedemiehi√§ h√§nn√§nhuippuyliopistossa ja tehd√§ h√§nn√§nhuipputiedett√§ .
not-anger	V√§lill√§ ollaan kuivillakin, mutta retkahdetaan silti kerta toisensa j√§lkeen uudelleen.
not-anger	Sanat juuttuvat kiinni kitalakeen , unohtuvat ennen kuin ehtiv√§t ulos asti .
not-anger	Tai ett√§ kirkon historia on minulle kiusallinen.
not-anger	Pelk√§sin, etten n√§kisi sinua en√§√§.
anger	T√§m√§ se viel√§ puuttui!
not-anger	T√§ytyy oppia siet√§m√§√§n ep√§varmuutta .
not-anger	Platform oli pakollinen , koska mun luottokorkkareiden kanssa juhliin meno tarkoittaa sit√§ , ett√§ n√§yt√§n nyrpe√§√§ naamaa ja istun koko illan , kun jalkoihin sattuu .
not-anger	Mutta vain sin√§ olet iloinen.
not-anger	Eth√§n unohda sekunniksikaan , ett√§ jos is√§ ei muutu , h√§n kuolee nopeasti .
not-anger	Jos aiot ehti√§ laivaan, on parasta lopettaa juttelu.
not-anger	Joku saa aikaiseksi olkimajan, jonkun kyvyill√§ voidaan rakentaa palatsi, ja silti ne kumpikin ovat yht√§ hyvi√§.
not-anger	Miksi nostaa veroa koko ajan asialle jota suuri osa ihmisist√§ tarvitsee joka p√§iv√§?
not-anger	Dorcas hyv√§ Rouva Inglethorp on kuollut. Siksi meid√§n tulee saada tiet√§√§ kaikki.
not-anger	Pit√§√§k√∂ minun taas menn√§ shoppailemaan?
not-anger	Kriisi voidaan n√§hd√§ jopa oppituntina .
not-anger	Oma top-3: 1) Longi salmiakki-sitruunalonkero 2) Karlens GT Katajanmarjalonkero 3) Iron Sky Light Karpalolonkero
not-anger	Ericssonilla ja Mersulla ei oo mit√§√§n yhteist√§, ei muuta kuin ett√§ nimess√§ on enemm√§n kirjaimia kuin Nokia:lla he he he
not-anger	Aikaerosta ei hevill√§ toivuttu .
not-anger	H√§n ei saa my√∂sk√§√§n huudella ikkunoista.
not-anger	Ilmastotieteilij√∂iden antama selvitys osoittaa , ett√§ Kioton sopimuksen p√§√§m√§√§r√§ on riitt√§m√§t√∂n ja ett√§ uutta ilmastosopimusta tarvitaan .
not-anger	Jotku niist√§ on sairaan nopeita , mut ne on sit heikkoi .
not-anger	T√§m√§ mahdollisesti syyn√§ my√∂s t√§m√§n kauden yleis√∂katoon= peli ei ole yht√§ viihdytt√§v√§√§ kuin ennen. 2/2 #LaLigaFi
not-anger	Laadun ei n√§k√∂j√§√§n ole niink√§√§n v√§li√§", arveli K. T-nen (Kalervo Toivonen, Tamperelainen 10.11.1961).
not-anger	Ette voi hotkia kuin ty√∂l√§inen Wilkesien luona.
not-anger	Mik√§ sin√§ haluat sen olevan?
not-anger	Likainen vanha lihava juoppo Henry Chinaski Bukowskin yhdess√§ loistavassa romaanissa on kaikin tavoin mies , jota minun kuuluisi katsoa nen√§ nyrpistyneen√§ ja jonka naisia minun kuuluisi pit√§√§ hulluina , mutta jostain syyst√§ h√§n saa minut tuntemaan itseni saamattomaksi ja s√§√§litt√§v√§ksi .
not-anger	Kai M√§kel√§ , Rauno Puolimatka ja Ahti Vilppula ovat kaikki kolme julkisesti kiist√§neet syyllistyneens√§ mihink√§√§n .
not-anger	Jos v√§kenne on yht√§ kovia kuin sin√§, he voivat p√§√§st√§ l√§pi.
anger	Pahinta olisi , jos ottaisi pillerin , eik√§ uni tulisi sittenk√§√§n .
anger	Olen tulossa hulluksi raivosta.
not-anger	Ei voi olla totta.
not-anger	Hyvien kouluttaminen vie aikaa.
not-anger	Monsieur Wells haluaisin kysy√§ teilt√§ er√§√§n asian. Se ei ole vastoin ammattilaisen k√§ytt√§ytymiss√§√§nt√∂√§.
anger	Nyt kerrot, mik√§ sen Stromin vasikan nimi on tai min√§ hukutan sinut paskaan!
not-anger	Q ei suuremmin v√§litt√§nyt tavaroistaan .
not-anger	Se ei mukautunut lainkaan kehooni .
anger	Siis mit√§ sin√§ puuhaat?
not-anger	Perkele kun rupes janottaan , pit√§s p√§√§st√§ tonne ravintolavaunuun .
not-anger	Mutta sir, kun ty√∂ on tehty, kuka tiet√§√§ voimmeko palata t√§t√§ reitti√§, - ja l√∂yd√§mmek√∂ teid√§t?
anger	Sek√§ se viheli√§inen stepperi...
anger	Nyt m√§ olin ihan m√§rk√§ , hetken matkaa jo kotitilalta , ja Molla menn√§ jolkotteli pellon reunaa kauemmas .
anger	Olisin antanut h√§nen tappaa sinut!
not-anger	N√§in unta ett√§ makasin vuoheni kanssa.
anger	Mit√§ vittua te idiootti viuhdotte .
not-anger	Ja kun en voinut vihata, vihani muuttui peloksi.
not-anger	Heti tuli mieleen , ett√§ onko ihmisi√§ j√§√§nyt alle .
not-anger	Minun t√§ytyy l√∂yt√§√§ Faith.
not-anger	Ja suomalaisen kuluttajan t√§ytyy ymm√§rt√§√§, ett√§ kolmen euron jauhelihaa ei voi tehd√§ suomalaisesta pihvikarjasta.
anger	N√§m√§ ovat paukkupatruunoita, kusip√§√§.
not-anger	Palasin tajuihini ja huomasin joutuneeni uudelle tuskan tasolle.
anger	Ja sin√§ annat tuollaista tapahtua !
not-anger	Sill√§ ei varmaan saisi leikki√§.
not-anger	Jos olen loukannut sinua...
not-anger	H√§nt√§ k√§vi s√§√§liksi, mutta muutakaan ei voinut.
not-anger	Pomoni on isompi kuin sinun.
not-anger	Liikkeelle. LA County sairaalaan. V√§litt√∂m√§sti!
not-anger	Joskus biisin loppupuolella he ovat ker√§nneet paikalle sen verran ihmisi√§ ett√§ puu saadaan ilmaan tyvip√§√§st√§ ja minut raahataan v√§kisin pois lep√§√§m√§st√§ .
not-anger	Tietysti. Mit√§ nyt, kananpoika?
not-anger	Sen on t√§ytynyt kaatua tuohon eilen, muuten palvelustytt√∂ olisi korjannut sen.
not-anger	Tulevaisuuden ennustaminen ei tunnetusti ole helppoa, mutta julkisten talouksien velkaongelmaa ollaan hoitamassa alta pois setelirahoituksella.
not-anger	Meikki valuneena poskille voi palata tyhj√§√§n asuntoon .
anger	Raivostuin tietenkin kysyen ett√§ mit√§ helvetti√§ t√§m√§ oikein yritti , ja sain vastaukseksi ‚Äú vitsi vitsi ‚Äù enk√§ mit√§√§n muuta .
not-anger	‚Äù Tiet√§v√§tk√∂h√§n Jumalat nyt , mit√§ ovat tekem√§ss√§ ? ‚Äù
not-anger	Yht√§kki√§ jostain ilmestyi ritari. H√§n ratsasti valkoisella hevosella t√§ytt√§ laukkaa miekka tanassa!
anger	Et tied√§ paskaakaan vallasta.
not-anger	Ei minun ollut tarkoitus .
not-anger	Kukin tavallaan, minun unelmamiest√§ h√§nest√§ ei saa v√§√§nt√§m√§ll√§k√§√§n, mutta varmasti sellaisiakin l√∂ytyy, jotka taipuvat noin n√∂yryytt√§v√§√§n tilanteeseen.
not-anger	Turvallisuutta enemm√§n tarpeeton tavara tuo levottomuutta ja ahdistuneisuutta .
anger	Sin√§ et k√§ske mit√§√§n, kuoripoika!
not-anger	on suurin kauhuni saada Lipe√§kalasta ruodonpala suuhun, sellainen paksu tikku.
not-anger	Emme aio sallia sit√§.
anger	Sano heille. ett√§ menk√∂√∂t el√§m√§√§n tilalleen sikojensa ja lampaittensa kanssa. √Ñlk√∂√∂tk√§ koskaan palatko!
not-anger	Esittelij√§n√§ minun on kuitenkin todettava , ett√§ meilt√§ on mennyt liian kauan p√§√§st√§ t√§h√§n , miss√§ nyt olemme .
not-anger	K√§teni suojelevat arkaa ja j√§√§tynytt√§ syd√§nt√§ni , eiv√§tk√§ jalkani en√§√§ her√§√§ ikuisesta roudastaan .
not-anger	En luvannut olla sankari.
not-anger	Luen siit√§ facebookista ja ajattelen sen olevan huono vitsi .
not-anger	Ja kun rahaa ei ole eik√§ oikeita tarpeitakaan , l√∂yt√§√§ vaikka mit√§ ...
not-anger	Pirkanmaalta etsin enk√§ haluaisi tilata netist√§ jos joudunkin odottelemaan yll√§tt√§v√§n kauan.
anger	Se mies ei kyll√§ en√§√§ kauaa el√§ .
not-anger	En halua joutua taas outoon ymp√§rist√∂√∂n.
anger	Kuulkaahan nyt .
anger	Harvinainen tai ei, paskan v√§li√§?
not-anger	Katulampun oranssi valo tunkee niidenkin l√§pi kuin ilkkuen .
not-anger	Ammattilaiset eiv√§t ammuskele silmitt√∂m√§sti.
not-anger	Sinua tarvitaan t√§√§ll√§, ja se on jo liian my√∂h√§ist√§.
not-anger	Huomasin itsekin ett√§ kumpikaan n√§ytt√∂ ei ole oikein sit√§ mit√§ etsin.
not-anger	Viel√§ karmivampaa on se , ett√§ menin ja ostin oranssin h√∂yhenpuuhkan ..
anger	H√§net tappanut saa maksaa.
not-anger	J√§t√§ nuo hupsut haaveesi , niist√§ ei seuraa mit√§√§n hyv√§√§ .
not-anger	Pelottava ajatus ett√§ tuollaisia √§iji√§ liikkuu vapaana.
anger	Kuristan painijaa kaulasta - imen h√§nen silm√§ns√§ irti ja syljen ne kurkusta alas!
not-anger	Meid√§t tuomitaan joka tapauksessa.
not-anger	Sen lamaannuttamina monet eiv√§t uskalla kurkottaa rajumpiin ratkaisuihin , vaan m√∂yriv√§t keskinkertaisuuden mutavelliss√§ .
not-anger	Yleens√§ naiset kaipaavat romantiikkaa .
anger	Mit√§ hittoa luulet minun tekev√§n?
not-anger	Kuka piti yhteytt√§ laboratorioon?
not-anger	Phuketissa ainakin n√§ytt√§√§ paistavan aurinko.
not-anger	Kun min√§ olen jonkun kanssa olen kuin robotti.
not-anger	Rajansa minunkin r√∂yhkeydell√§ni .
not-anger	t√§m√§ aiheuttaa vaikeuksia k√§yd√§ entisell√§ kotiseudulla asioita j√§rjest√§m√§ss√§ ja sukulaisia tapaamassa .
not-anger	Kuin silkkilangasto nuoruudesta levoton.
not-anger	Paniikki iski minuun .
not-anger	Siis voisi , jos .
anger	Miksi pirussa m√§ el√§n t√§√§ll√§?
not-anger	Vakava journalistinen kriisi. https://t.co/CinkfQusj1
not-anger	Sit√§ paitsi monet mamut tekev√§t ahkerasti t√∂it√§ t√§√§ll√§ Suomessa ja monet jopa ty√∂llist√§v√§t suomalaisiakin.
not-anger	Olen pahoillani, mutta emme voi.
not-anger	Jos Edward olisi minun kanssani...
anger	Vai et tosiaankaan halua.
anger	Syyriassa on ammuttu ihmisi√§ kaduille jo viikkokaupalla.
anger	Ala painua vain nilkki.
not-anger	Jossitteluja sain min√§kin palstalla, mutta kukaan ei osunut oikeaan.
anger	T√§√§ll√§ te vaan mahtailette toisillenne!
not-anger	Heittelet v√§liin teksti√§ jotka on kuin toiselta planeetalta ja seuraavassa vastauksessa ved√§t kaiken takaisin.
not-anger	Pahan mielen tuottaminen voi olla tavoitteena tai syyn√§ on osaamattomuus.
not-anger	Vietin luultavasti liikaa aikaa h√§vitt√§jien parissa.
anger	aattelin vaan varottaa et k√§nnyk√§s ne dna palvelut on KALLIITA!
anger	Olet √§rsytt√§v√§! grrrrrr...
not-anger	Eilisell√§ kotimatkalla , kun raahasin miljoona laukkujani / kassejani / pussukoitani rautatieasemalta kotiin , vasenta jalkaani alkoi vihloa .
anger	Miettik√§√§ ensi kerralla, ennen kuin kiusaatte McLeachia.
not-anger	Sis√§llissodan uhka ei ole pelkk√§√§ retoriikkaa .
not-anger	Viime viikkoina ty√∂markkinaosapuolia ovat ty√∂llist√§neet paitsi sovitun 150 euron kertaer√§n maksamiseen liittyneet ongelmat, my√∂s raamissa sovitun ty√∂ntekij√∂iden koulutusoikeuden yksityiskohdat.
not-anger	T√§m√§ on ruostunut kiinni.
not-anger	Tahtilajien t√§htisade ja luennoiva laulutyyli kuuluvat edelleen tavaramerkkeihin, mutta nyt pintapoliittinen kikkailu on siirtynyt sivuosaan suoremman tieteellisen tavan tielt√§.
not-anger	Hei @aavama ja @LJKuisma, miks ette oo kertonu mulle et teill√§ on uus podcast?
not-anger	En halua ett√§ h√§nt√§ kohdellaan huonosti
not-anger	Peitteli maan ja katariinan kamarissakin on viulu vaiennut.
not-anger	Arvoisa puhemies , mietinn√∂n esittelij√§n√§ ja asiasta vastaavana ryhm√§ni edustajana voin sanoa aivan p√§invastaista .
not-anger	Variksenpel√§ttimet saavat harvoin kuninkaallista saattuetta kiimaisen tuhmaseksin valtakuntaan .
not-anger	Pid√§t j√§rkev√§n√§ vastausta, koska se v√§hent√§√§ omia omantunnontuskiasi.
not-anger	Emme. Ne kuuluvat triadeille.
not-anger	Ik√§v√§ uutinen
not-anger	Oli kyse sitten Yhdysvaltain kaltaisesta suuresta maasta tai Kreikan kaltaisesta pienest√§ maasta , sen on lopetettava ylellinen el√§m√§ntapansa ja palattava tiukkaan taloudenpitoon , jos se ei halua kansallisen velan paisuvan kest√§m√§tt√∂m√§lle tasolle ja r√§j√§ht√§v√§n .
not-anger	Minun pit√§isi k√§ytt√§√§ sit√§.
not-anger	Miksen min√§ koskaan tehnyt niin kun olin viel√§ elossa , kun minulla oli viel√§ jalat joita heilutella laiturilla , k√§det joilla olisin todella koskettanut toista ihmist√§ ja p√§√§st√§nyt jonkun l√§helleni .
not-anger	Itse en ois kuitenkaa uskaltanu.
not-anger	- ei palvele kokonaisuutena kumpaakaan lajia.
anger	ajan tunkea sit√§ velttoa mulkkuasi t√§lle saitille???
not-anger	Ei Ari ole sill√§ tavalla hyv√§nn√§k√∂inen, en olisis kiinnitt√§nyt siihen varmaan mit√§√§n huomiota jos olisi pari kuukautta sitten tullut kadulla vastaan.
not-anger	Raymond tarvitsee vain kimmokkeen.
not-anger	Sen sijaan sidosryhmien edustajista useimmat pitiv√§t j√§rjest√§j√§verkkoa toimivana ja korostivat alueellisen koulutustarjonnan t√§rkeytt√§ .
not-anger	Mieless√§ni m√§ n√§in kuvan siit√§ , kun isois√§ antaa mulle piiskaa , enste siit√§ etten saanu Mollaa takas navettaan elossa , ja sitte siit√§ ett√§ sen tulvapyrsk√§hdyksen , joka Mollan vei , mukana meni ne saappaat
not-anger	H√§n on tappanut teillekin.
anger	M√§ vihaan t√§t√§ paikkaa.
anger	Pid√§ hitto suusi kiinni itsesi takia.
not-anger	Ent√§ jos en p√§rj√§√§?
not-anger	Beef, pakettiauto oli tyhj√§, jos Charlie sanoo niin.
not-anger	Orankien elinymp√§rist√∂st√§ on h√§vinnyt 80 prosenttia , ja niiden pel√§t√§√§n kuolevan sukupuuttoon viidess√§ vuodessa .
not-anger	Sinun pit√§√§ p√§√§st√§ pois nyt heti.
anger	Mit√§ t√§m√§ moska on?
not-anger	En halua loukata h√§nen tunteitaan.
not-anger	Rocky, sun t√§ytyy nousta.
not-anger	He yritt√§v√§t niin kovasti, ja ovat niin j√§ljess√§...
not-anger	Toimittajien j√§rjest√∂n johtaja Mouyyad al-Lamin on kuitenkin sanonut viranomaisten kertoneen , ett√§ al-Zaidia on kohdeltu hyvin .
not-anger	Suurin huolenaiheeni on se , ett√§ YK:n yleissopimus ( 8. joulukuuta 2006 annettu yleissopimus 61/105 ) sis√§lt√§√§ useita muita toimia , etenkin pintavesiss√§ el√§vien merikilpikonnien suojelua koskevia toimia , ja valitettavasti Euroopan komissio ei siirt√§nyt p√§√§t√∂st√§ yhteis√∂n s√§√§nn√∂st√∂√∂n kokonaisuudessaan , vaan p√§√§tti useita vuosia my√∂hemmin k√§sitell√§ sen kohta kohdalta alakohtaisesti .
not-anger	Kokaiinia piti k√§rr√§t√§ taloon kottik√§rryill√§.
not-anger	Parempi toki, jos et jois lainkaan tai vaihda tavalliseen lightlimppariin, mink√§ pH on suurempi (parempi) eik√§ aiheuta reikiintymist√§.
not-anger	En k√§sitt√§nyt syit√§ t√§lle lainkaan .
not-anger	En halua vaikuttaa opiskelijalta , joka syytt√§√§ yliopistoa siit√§ , ettei saa opintojaan organisoitua ja ihmettelee kun opintopisteet eiv√§t kartukaan itsest√§√§n .
not-anger	Sovitaan ett ei olla en√§√§ huomaavinamme niit√§ .
not-anger	Takana on luja putki rilluvuosien. Mutta kiitos, Matti! #EVSlive https://t.co/Uun7CmWbM9
not-anger	Emmek√§ ole, ellei t√§√§ll√§ ole r√§j√§ht√§nyt vetypommia.
not-anger	Kellari on ainoa turvallinen paikka.
anger	Aion tehd√§ kaikille selv√§ksi, mik√§ todella olet!
not-anger	Sill√§ on varmaan kirppuja.
not-anger	Raajaton Rayman muine sankareineen on koisinut leppoisasti vuosisadan putkeen, mink√§ aikana pahuus on levinnyt j√§lleen pitkin pit√§ji√§ ja napannut pienet teensiesit vangikseen.
not-anger	Hymyilet ja viet√§t kaiken aikasi h√§nen kanssaan tai h√§nt√§ ajatellen ja l√§het√§t tekstiviestej√§ y√∂my√∂h√§√§n kunnes silm√§si taas sammuisivat tai h√§n ei en√§√§ vastaisi .
not-anger	Kysymyksess√§ lienee tarkkaan laskelmoitu yritys antaa suomalaiselle (ja etel√§-Amerikkalaiselle?) yleis√∂lle oikein kaikkien aikojen annos uskallettua shokkiajanvietett√§", arveli Esko Elstel√§ (P√§iv√§n Sanomat 6.1.1962) ja ennakoi yleis√∂menestyst√§: "Ik√§v√§√§ t√§m√§n filmin parissa ei ole, siit√§ voi tulla jopa menestys, jos yleis√∂ll√§ on hiukkaakaan huumorintajua."
not-anger	Juuri, kun luulen, ett√§ olet kuollut, tuletkin takaisin.
not-anger	Tuskallisen odotuksen j√§lkeen h√§n kakisteli , ett√§ ‚Äù oli kiva ett√§ menit tavalliseen ty√∂paikkaan ‚Äù .
anger	Eik√∂ minun maljani kelvannut? Etk√∂ viel√§k√§√§n ymm√§rr√§?
not-anger	WWF:n mukaan √∂ljypalmuplantaasit ovat p√§√§syy sademetsien h√§vi√§miseen .
not-anger	Nimitt√§in miksi olisin t√§st√§ toiselle naiselle t√§st√§ vihainen ?
not-anger	He ihastuivat ja meniv√§t naimisiin.
anger	Sanakin viel√§, ja olet mennytt√§!
not-anger	T√§m√§ sama toimielin vaatii yritysmaailmaa toimimaan sosiaalisesti vastuullisella tavalla , ja kuitenkin tapa , jolla se on hoitanut t√§t√§ asiaa , on t√§h√§n menness√§ ollut sosiaalisesti t√§ysin vastuuton .
not-anger	H√§n pelaa ensin Pigin ulos.
not-anger	Elo mainitsi ongelmana my√∂s eriaikaisuuden Euroopan unionin rakenteiden kehittymiss√§ .
not-anger	Analyysi: Ahdistelua ja valheita ‚Äì brittiministerien erot horjuttavat Britannian hallitusta https://t.co/VDIt0R0dKa #yle
not-anger	Ranska on aivan liian vahva!
not-anger	Opiskelijoiden arjessa yhteisty√∂ ei juuri n√§y .
anger	En kest√§ t√§t√§ taas!
not-anger	En edes voi kuvitella sit√§ tuskaa .
anger	T√§ss√§ ei ole mit√§√§n j√§rke√§.
not-anger	Et sanonut sanaakaan kallistuvasta rungosta.
anger	En halua kuulla syit√§nne.
not-anger	Kataisen mukaan Suomen on teht√§v√§ kotil√§ksyt niin huolella , ett√§ muut maat eiv√§t Suomea heilauta .
not-anger	Sopiiko, jos tervehdyn ensin?
not-anger	Niiden muuttuminen voi johtua huonosta valintamenettelyst√§ , nuorten ja ohjelmien virheellisest√§ yhdist√§misest√§ tai nuorten ohjauksen puutteesta vapaaehtoispalvelun lopulla , jolla kanavoitaisiin heid√§n hankkimansa tiedot ja taidot , ja viimeisen√§ , last but not least , kansallisten hallitusten huonosta oman roolinsa ymm√§rt√§misest√§ .
not-anger	Ole nyt kiltti, Mammy.
not-anger	Ei Pulovskia, ei rahoja.
not-anger	L√§het√§ nainen ja lapset ulos.
not-anger	Rohkenen ep√§ill√§ ett√§ n√§in ei k√§y.
not-anger	Maailmanlaajuinen taloustaantuma, ty√∂tt√∂myyden kasvu, vihtil√§inen kouluverkkoselvitys, talouden sopeuttaminen, strategian p√§ivitt√§minen, heikkenev√§t talousluvut, uusintavaalit, talousarvio vuodelle 2010 ‚Ä¶ Uudelle valtuutetulle kunnallispolitiikka on n√§ytt√§ytynyt melkoisen haastavana.
anger	No se mies ei ainakaan kuuskymppisi√§√§n tule n√§kem√§√§n .
not-anger	H√§n k√§rsi entuudestaan verenkiertoh√§iri√∂ist√§ , joiden takia h√§nen pelaaminen ottelussa oli ep√§varmaa .
anger	kyll√§ on t√∂rke√§√§ touhua niinist√∂lt√§!
anger	Mit√§ pirua on tekeill√§?
anger	Toivottavasti joudut itse joskus pulaan!
anger	Meill√§ ei ole mit√§√§n yhteist√§ , sokeakin n√§kisi sen .
anger	En tee sopimuksia paskan kyt√§n kanssa!
not-anger	Olin jo varma , ett√§ eroamme , mutta muutamien hermosavujen j√§lkeen Mies palasi takaisin s√§nkyyni .
not-anger	Min√§ mukaan lukien.
not-anger	Meininki muistutti yl√§astetta , jossa tupakkaa v√§litunnilla polttelevat kovikset olivat vaihdettu feministeihin , mutta yht√§ kaikki .
not-anger	ettei rakastunut nainen yrit√§ tavata rakastajaansa?
not-anger	Sijainti oli niin piukassa , ett√§ √§iti√§ alkoi tulla ik√§v√§ .
not-anger	H√§n on noin iso.
not-anger	Esim. kes√§asunnolla umpis√§ili√∂ on oiva vaihtoehto.
not-anger	Vasemmistososialisti ja antifasisti Orwell tovereineen tappoivat @LauraHuhtasaari:n hengenheimolaisia Espanjan sis√§llissodassa. https://t.co/qDDIdq9OpW
anger	Jos et, h√§ivy helvettiin autoni luota.
not-anger	Kaksi prosenttia uskoo euroalueen ajautuvan deflaatioon .
anger	Jos et halua minua armeijaasi, potki minut pihalle, mutta anna minun olla.
not-anger	Eilen kompastuin ruokalassa ja heitin lautasellisen kuumaa ja hyvin haisevaa puuroa opettajan naamaan .
not-anger	En min√§k√§√§n sinua. Miksi veit hevoseni?
anger	Se ei ole sinun asiasi!
not-anger	P√§iv√§ p√§√§ttyi , kotimatkalla huomaat kuinka h√§n juttelee jo Janican kanssa , hymyilet vaikka syd√§mesi on yl√∂salaisin , ja laitat iPodistasi When you were youngin soimaan .
not-anger	Ei, emme saisi sponsoreita.
not-anger	En ole yht√§ kanssanne.
not-anger	Sitaattien heittely√§ 4. 8. 2011 | Martti Tuure 
not-anger	N√§ink√∂ t√§ss√§ k√§vi : Euromaista liittovaltio puolivahingossa
not-anger	En mill√§√§n tahdo p√§√§st√§ aamuisin s√§ngyst√§ .
not-anger	‚Äì Yrit√§t teeskennell√§ , ett√§ sota alkoi 2007 ‚Äì ‚Äì mutta sota alkoi 2003 .
not-anger	Myytti joka on 99,95%:lle √§√§nest√§jist√§ outo.
not-anger	Kyll√§ happamia ja hapokkaita juomia ois syyt√§ v√§ltt√§√§...
not-anger	√§lk√§√§ kertoko
not-anger	Olin sokissa sin√§ p√§iv√§n√§.
not-anger	Koska t√§m√§ on rakastunut h√§neen.
anger	Kuule , yht√§ turpea on sunkin aamunaamasi !
not-anger	En haluaisi menett√§√§ Pearli√§.
not-anger	Miksei Salossa t√∂iss√§ oleva Nokian matkapuhelinasentaja saa palkkaa joka kerta, kun h√§nen kasaamallaan puhelimella soitetaan?
not-anger	Hetken rappuk√§yt√§v√§ss√§ k√§velless√§ni ajattelin , ett√§ ent√§ jos minulla olisikin ollut viel√§ jokin keino selviyty√§ , jokin keino olla tuottamatta sit√§ suurta tuskaa juuri niille , joita eniten rakastan .
not-anger	Nuoruudessaan h√§n oli mystifioinut persoonansa , kokenut itsens√§ p√§√§henkil√∂ksi , jonka ymp√§rill√§ kaikenlaiset mielenkiintoiset tapahtumat vain tapahtuisivat .
not-anger	O. V-j√§:n (Olavi Veist√§j√§, Aamulehti 11.11.1952) mukaan k√§sikirjoitus oli rakennettu liikaa laulunumeroiden varaan, "joita on niin tuhkatihe√§√§n, ett√§ juoni ja toiminta juuttuvat yht√§ mittaa paikoilleen".
not-anger	Fujitsu Siemens 24" LCD, pit√§isi olla parempi kontrasti, mutta ei ole tft.
not-anger	Kuules nyt, kansalaispalkkaa ei tiet√§√§kseni viel√§ t√§√§ll√§ jaeta, joten pit√§√§ turvautua jo olemassa oleviin keinoihin.
not-anger	Kun perheenj√§sen soittaa , ajattelen ensimm√§iseksi , ett√§ jahas , nyt se on kuollut .
anger	Et voi tehd√§ t√§llaista.
not-anger	Ei. En saa kysell√§.
not-anger	Oletetaan, ett√§ joku innokas apulaissyytt√§j√§ kuulee Kuusta.
not-anger	Meid√§n kuluttajien t√§ytyy nyt tehd√§ muutama asia, jotta maailma muuttuisi.
anger	S√§ et omista mua!
not-anger	Ennen muuta katsoisin, ett√§ ihmisen omat tunteet, tarpeet, ja ennen kaikkea traumat, lapsuuden perheen sosiaalinen ilmapiiri, riippuvuussuhteet jne tekev√§t h√§nest√§ "sinisilm√§isen".
not-anger	T√§m√§ on vain lainassa.
not-anger	Se sopii hyvin .
not-anger	Aamulehden mukaan antibioottivaara koskee etenkin ulkomaista lihaa .
not-anger	N√§yttiksen sain silloiselta duunikaverilta jollain 50‚Ç¨:lla, saa nauraa jos h√§visin rahaa.
not-anger	H√§n ei tyydy markkinointiosastoon eik√§ edes Gibbiin.
not-anger	Enk√§ n√§e minne olen matkalla , en n√§e yht√§√§n mit√§√§n .
anger	i'm done, truscumit ja TERFit voi esim. blokkaa mut ja menn√§ jonnekin muualle itkem√§√§n. dead gods, cursed language jne.
not-anger	Tavallisesta ty√∂st√§ on tullut ongelma, vaikka sen pit√§isi olla vain osa el√§m√§√§.
not-anger	H√§n ei luultavasti muista minua.
not-anger	Herranen aika , A. Jokisen palkkaama haamukirjoittaja ei tienny kirjoittamisesta muuta kuin sen , miss√§ 90 % n√§pp√§imist√§ sijaitsee .
anger	Olisit sanonut ennen kuin vaimoni l√§hti!
not-anger	Nyt olenkin sitten ep√§varma onko kyseeess√§ jokatapauksessa fiktio t√§ss√§kin saksalaisessa elokuvassa eli olisiko se kansainv√§linen vitsi eli ns. tornihuhuja?
anger	@kertturudeberg No mit√§ vittua?
not-anger	Olihan henkil√∂ juuri mm. haukkunut lipuntarkastajan pystyyn, huudellut rasistisia asioita ohikulkijoille, huutanut puhelimessa ja ly√∂nyt puhelimen p√∂yt√§√§n keskustelun p√§√§tteeksi.
not-anger	Terrorisminvastaiset joukkoni on koulutettu hoitamaan n√§it√§ tilanteita.
not-anger	‚àí Jos kaksi kielt√§ kerran on mahdollista saada aivoihin , olisi kiva tiet√§√§ miten ne sinne p√§√§tyv√§t , Peltola sanoi .
not-anger	Nyt jo hirvitt√§√§ üòî
not-anger	T√§m√§ on viel√§kin parempaa.
not-anger	Nyt t√§m√§ takaraivoon kahlehdittu ajatus p√§√§si vapaaksi ja aiheutti lujan kiireen tunnun .
not-anger	Olisin ajanut itse , mutta nen√§ni valui r√§k√§√§ .
anger	Itkee kuin pikkupennut joka asiaa.
not-anger	En halua myoh√§sty√§ lennolta.
anger	Joko h√§n palaa ruotuun, tai teen h√§nest√§ pienen pient√§ silppua.
not-anger	Hanki ammattilainen, omia miehi√§mme.
not-anger	Miksi minun vain pelk√§sin , pelk√§sin el√§m√§√§ , vaikka oikeastaan juuri se minut tappoikin .
not-anger	Hastings olette pukeneet kiirees√§ solmionne on vinossa.
not-anger	Frank, benzedriini saa hampaani heilumaan.
not-anger	Matka Norsunluutornille ei johtanut minnek√§√§n.
not-anger	sy√∂d√§ ylen
not-anger	Millainen ihmisest√§ tulee , kun h√§nelle jatkuvasti hoetaan , ett√§ h√§nen is√§ns√§ kuolee kohta ?
not-anger	Toki pelaaja teki virheit√§.
not-anger	Maailma voi olla ihmeellinen meid√§nlaisillemme.
not-anger	Armoa! S√∂in burriton aamiaiseksi.
not-anger	En voi menn√§ liian l√§helle naista.
anger	Vihaan 2010-lukua. https://t.co/F8PPcb7DUt
not-anger	Suuri osa suomalaisista sy√∂ kalaa liian harvoin .
not-anger	Ihmisille puhuminen on entist√§ vaikeampaa .
not-anger	Tarkoituksena on tietenkin - toivottavasti ker√§t√§ 20 000 dollaria kampanjaani.
not-anger	J√§rkytyin jo pahemman kerran perjantaina , kun sek√§ Salla ett√§ Jonna tulivat minua vastaan rautatieasemalle ohuissa sukkahousuissa .
not-anger	Se hyv√§ksyt√§√§n jokaisessa tuomioistuimessa - mutta veisin asian jokaiseen tuomioistuimeen, muistakaa se.
not-anger	Heid√§n paratiisimainen Luvattu Maansa ?
not-anger	Ainoa mik√§ minua kaupunki valinnassa painaa on se, ett√§ aluksi tarkoitukseni oli menn√§ Lontooseen, kadun ehk√§ n√§ilt√§ osin valintaani..
not-anger	( 7 ) T√§ll√§ asetuksella ja Montrealin yleissopimuksella vahvistetaan matkustajien ja heid√§n omaistensa suojaa , eik√§ niit√§ voida tulkita siten , ett√§ niill√§ suhteessa nykyiseen lains√§√§d√§nt√∂√∂n huononnettaisiin heid√§n turvaansa t√§m√§n asetuksen antamisp√§iv√§n√§ .
not-anger	Tied√§t Rogerin. H√§n saattoi minut t√§h√§n.
anger	Pudota ase ja istu alas!
not-anger	Sit√§ paitsi jo nyt jaetaan jokaiselle rahaa vastikkeetta sen verran, ett√§ sill√§ pystyy hankkimaan duunari-mersun http://www.veho.fi/fi/uudetautot/mercedes-benz/Sivut/Uusi-C-sarja-sedan.aspx, jos tahtoo.
not-anger	Meid√§n pit√§√§ ajatella naisia , joita uhkaa syrjiminen , ty√∂tt√∂myys , puutteenalaisuus , ja kaikkia naisia joka puolella maailmaa , jotka k√§rsiv√§t ja ovat huonompiosaisia .
not-anger	Sit√§k√∂ Jumala haluaa? Rahaa?
not-anger	olen huolissani t√§√§ll√§.
not-anger	Toivottavasti luonasi kaikki kasvaa.
not-anger	S√§√§li el√§int√§ , mutta kuolluthan se joka tapauksessa olisi niin kuin olivat kuolleet kaikki antiikin kreikkalaiset , siis ihmisetkin .
not-anger	Ja toivon, ett√§ n√§iden rivien kautta paljastuu itsellenikin, kuinka pahaisesta punikin pennusta ja kyl√§hullun narttukoirasta tuli Kolmannen Valtakunnan Enkeli ja SS-Obersturmf√ºhrerin pel√§tty patjanl√§mmitt√§j√§ ja kuinka p√§√§dyin Titovkan Zweiglager 322:een orinpalleja kuohitsemaan ja Kuoleman Enkelin t√∂it√§ toimittamaan.
not-anger	Nuorten ty√∂tt√∂mien ty√∂llist√§minen ty√∂pajoihin , jotka tarjoavat mahdollisuuden itsens√§ toteuttamiseen , on periaatteessa hyv√§ asia .
not-anger	Palstalla sanotut ovat hajuammuntoja randomeille.
not-anger	Kadunkulmissa viima puree korviani ; voi miten kylm√§√§ t√§√§ll√§ on , huudan l√§iskyv√§lle kyyhkysparvelle vai pulujako ne vain ovatkin , t√§ynn√§ kaupungin loisia ja pehme√§√§ lihaa , hyv√§ haukkapala varpushaukalle , joka nuolena niit√§ tavoittelee ; sy√∂n hampurilaisia , majoneesi virtaa suonissani , jaksan taas laulaa , rikas mies jos oisin , kaiken p√§iv√§√§ laiskottelisin , rikas jos m√§ oisin mies , ei toimi , en ole samaa maata kuin n√§m√§ aamukaljalla kompuroivat s√§rkyneet ruukut , siivett√∂m√§t k√§rp√§set .
not-anger	Olin saattamassa lordi Futa takaisin p√§√§kaupunkiin, mutta ep√§onnistuin.
not-anger	Sin√§ olisit parempi kuningas, kuin min√§ olen ollut.
not-anger	j ja mist√§ olin yll√§tynyt niin oli ett√§1980 luku oli palanut takaisin oli ne sit mp tai mit√§ vain soitimia niin on kajareisen kanssa tai vanhan ajan mankan kanssa liikenteess√§ musiikki raikas aivan tajutoman paljon.
not-anger	H√§nest√§ ei saa mit√§√§n selv√§√§.
not-anger	My√∂sk√§√§n kajareita ei ole.
not-anger	Moitimme : Penkkien v√§ri ja k√§sinojat jakavat testiryhm√§n mielipiteit√§
not-anger	Mainossemiootikko Vaula Norrena kertoo koiran lis√§√§v√§n tehokkaasti mainoksen huomioarvoa
anger	Vihaan h√§nt√§ ihan saatanasti!
not-anger	T√§h√§n Martti Savon (Modest Savtschenko, Kansan Uutiset 6.1.1962) mielipiteeseen yhtyiv√§t monet kriitikot.
not-anger	‚Äì Pelaajat saivat varusteet p√§iv√§√§ ennen ensimm√§ist√§ peli√§.
not-anger	Tuossa ei ole mit√§√§n j√§rke√§.
anger	Pysy hiljaa ellet voi sanoa mit√§√§n sopivaa.
not-anger	Oli suht j√§rkytt√§v√§√§ todeta , miten oma ranskankielen taito , jota on hinkattu se 10 vuotta ja kaks opiskeluvaihtoa , oli t√§ysin unohtunut .
not-anger	Eri kurssit eri oppiaineissa eiv√§t toki ole t√§ysin vertailukelpoisia .
not-anger	"Ote on merkillisen veltto, innoton ja pintapuolinen", totesi O. V-j√§ (Olavi Veist√§j√§, Aamulehti 1.12.1953) elokuvan yleisilmeest√§.
not-anger	Ja m√§ osaan lukee sit√§ . ‚Äù
not-anger	Pesen mieluummin autoja kuin teen puutarhahommia.
not-anger	L√§hden ajelemaan ja kurkin peilist√§ , kuinka vosu saa autonsa vaivalloisesti liikkeelle .
anger	Tee sitten jotain, helvetti.
not-anger	Ne est√§v√§t meit√§ luomasta kodistamme harmonisen kokonaisuuden , jossa on hyv√§ hengitt√§√§ ja hyv√§ el√§√§ .
not-anger	Seurasi hitonmoinen kahakka - ja jengi sai turpiinsa.
not-anger	P√§iv√§ oli ollut pitk√§ ja raskas .
anger	‚Äù Perkele .
anger	Koska mit√§ sinulla onkin t√§√§ll√§, selvit√§n sen.
not-anger	Jos olisin hirtt√§ytynyt , kaikki olisi ollut heti ohi .
not-anger	Pid√§n sen vain kerran, joten kuuntele tarkkaan.
not-anger	Erityisesti lapset toivoivat , ett√§ hoitajat leikkiv√§t ja pelaavat heid√§n kanssaan .
not-anger	Jokainen kansalainen saa turvallisen ja puhtaan asuinyksik√∂n.
not-anger	√Ñl√§ seuraa kun min√§ karkaan t√§st√§ maailmasta , ei , en min√§ t√§nne kuulu .
not-anger	Ett√§ naisella miehen vertaisena on yht√§l√§iset oikeudet lain edess√§.
not-anger	H√§pe√§v√§ on n√§kym√§t√∂n ja kuulumaton .
not-anger	N√§it√§ juttuja ulkomailla tulee v√§h√§n ik√§v√§ .
not-anger	H√§nen mukaansa koululaisten aseet olivat aidonn√§k√∂isi√§ .
anger	Ihan kuin sinulla olisi ollut muita hyvi√§ tarjouksia!
not-anger	Hyv√§ on, Russell, tajuan kyll√§.
not-anger	Se oli Richien suosikki koska j√§lki on pienemp√§√§ kuin 45millisell√§.
not-anger	T√§m√§ olento, joka tappaa meid√§n kummankin miehi√§ - on toiselta puolelta.
anger	KASVATTAKAA ENSIN NIIT√Ñ MUUTAMA JA SITTEN VOITTE KERTOA OMAN KOKEMUKSENNE NIIST√Ñ √ÑLYVAPAAT IHMISET !!!!!
not-anger	Olin ihan tyhm√§ siin√§ hetkess√§.
not-anger	Ensi viikolla olisi l√§ht√∂ Khao Lakiin, joten toivotaan ett√§ sadekausi olisi jo ohi.
not-anger	en ole "s√§√§ s√§√§"
not-anger	Toisaalta bemarin maasturit on komeampia kuin mersun maasturit
not-anger	Kaksoistorneihin kohdistettu hirve√§ attentaatti sai aikaan sen , ett√§ vihdoinkin t√§m√§n eurooppalaisen pid√§tysm√§√§r√§yksen luomisessa alettiin edisty√§ , mutta kun n√§en , ett√§ sit√§ sovelletaankin " kanavarkaiden " kohdalla , tulen jotenkin surulliseksi .
not-anger	Ei kai meit√§ vahtimestari sulje kellariin sarkofagiin oppituntien p√§√§tteeksi .
anger	Haluan n√§hd√§ teid√§t hikoilemassa, kun tuomari julistaa p√§√§t√∂ksens√§.
not-anger	He kaikki hymyilev√§t .
not-anger	ei me olla jaksettu tehd√§ mit√§√§ sen j√§lkee ku Mara meni t√∂ihin
not-anger	Sodat taistellut sukupolvi oli el√§nyt kovan el√§m√§n.
not-anger	Minulle Rentsist√§ tuli kuitenkin tarinan tutuin henkil√∂, h√§nest√§ pysyin parhaiten k√§rryill√§.
not-anger	H√§nen piti olla sinun kanssasi.
not-anger	H√§n ei ole niin iso paskiainen kuin sanotaan.
not-anger	Kovin kauaa en kyll√§ nauttinut sovinnosta , sill√§ Mies oli kuuma , untuvapeittoni oli kuuma , enk√§ min√§ ollut en√§√§ v√§synyt .
not-anger	Se tapahtui samana y√∂n√§ kun panssarit vy√∂ryiv√§t Prahaan.
not-anger	Olet oikea amerikkalainen kovanaama.
not-anger	Mikset kutsu minua Hsiao Tsingiksi?
not-anger	Pelk√§sin, ett√§ minun tiedett√§isiin olevan elossa.
not-anger	Haluan kuulla kaiken, mit√§ on ehtinyt tapahtua.
not-anger	Toiseksi : ik√§v√§ kyll√§ , komissaari hylk√§si eilen monia meid√§n esitt√§mist√§mme kohdista .
anger	Kerrankin kun yrit√§n tehd√§ jonkun hyv√§ksi jotakin - ja hyvitt√§√§ velkani yhteiskunnalle, sin√§ pid√§t√§t minut!
anger	Jos haluat opettaa jotain jollekin, opeta se pojallesi, Herran t√§hden!
not-anger	Portaat ovat korkeat .
not-anger	Muut √§idit joutuvat tyytym√§√§n siihen mit√§ luonto antaa.
not-anger	H√§n vaikutti mukavalta hepulta.
not-anger	Miksi ette voi menn√§ t√∂ihin?
anger	He ovat yh√§ t√§√§ll√§. Pikku nilkit.
anger	Lue se hiton raportti.
not-anger	TT on kaukana k√§ytt√∂autosta.
not-anger	Kuten tavallista, ruotsin pakollisen opetuksen puolustajat her√§siv√§t, mutta heid√§n puheensa ovat olleen sanokaamme outoja.
not-anger	Meid√§n on asetettava tavoitteemme paljon korkeammalle , ja parlamentin on velvoitettava neuvosto ja komissio l√∂yt√§m√§√§n t√§m√§n politiikan edellytt√§m√§t keinot .
not-anger	@Jrvinen_J @veitera @OskuTorro @VanDerLuumi Kritiikki on suunnattu ennen kaikkea siihen tapaan, jolla viestint√§√§ tehty &virkamies vs. yksityishenkil√∂ menev√§t sekaisin.
not-anger	T√§ysi mopo tuo vanha vapari tuossa uudessa kopassa ja muutenkin vanhempaa civikki√§ heikompi.
not-anger	‚Äù H√∂hl√§ .
not-anger	Emme saa antaa t√§m√§n jatkua .
anger	Hypp√§√§ t√§h√§n hemmetin autoon!
not-anger	L√§mmitt√§isik√∂ t√§m√§ nopeammin? Ei tarpeeksi.
not-anger	Se on liian kallis, Leslie!
not-anger	Olin sy√∂nyt kaiken puuron , mutta olin edelleen n√§lk√§inen ja nuolin lusikkani yh√§ uudelleen .
not-anger	' Heit√§t kuin tytt√∂ ' , is√§ sanoi , enk√§ p√§√§ssyt kopittelemaan h√§nen ja Nikon kanssa , ' mit√§ jos pyyt√§isit √§iti√§ ' .
not-anger	‚ÄùJos puhdas vesi, ravinto ja ilma sek√§ ilmaston s√§√§tely vaarantuvat, korvaaminen on vaikeaa, jopa mahdotonta.‚Äù
not-anger	P√§√§tin tulla t√§nne selvitt√§m√§√§n asian heid√§n kanssaan.
not-anger	‚Äì Aktivointitoimenpiteit√§ nostetaan liian varovaisesti , ja ne saavuttavat huippunsa siin√§ vaiheessa , kun niit√§ pit√§isi jo laskea talouden l√§hdetty√§ kasvuun .
not-anger	Se on varmaan mukavaa.
anger	Sanoit, ett√§ olisin sulle numero yksi ja valehtelit.
not-anger	H√§n on hyvin t√§rke√§n vieraan veljentyt√§r.
not-anger	H√§n vaikuttaa luotettavalta, mutta...
not-anger	My√∂hemmin, kun olette rauhoittuneet, - Ker√§√§mme kaikki palaset kasaan.
not-anger	Jos minun kokemukseni aiheuttavat sinulle, lukijani, pahaa mielt√§ ja ahdistusta, voit pys√§hty√§ pohtimaan, milt√§ ne ovat tuntuneet minusta.
anger	Kaksi normaaliin ty√∂h√∂n kykenem√§t√∂nt√§ pitk√§tukkaa juo siin√§ kaljaa ja kiroilee perkeleesti kuinka raskasta ruumiillinen ty√∂ on,no sit√§ se on tavallisen ty√∂l√§isen el√§m√§.
not-anger	"Ei kannata ruveta pohtimaan ep√§johdonmukaisuuksia tai juonen hetkitt√§ist√§ pys√§hdyst√§ tai muita sellaisia seikkoja, joita ei t√§st√§ filmist√§ kyll√§k√§√§n puutu.
not-anger	Auto l√§hestyy hurjaa vauhtia .
not-anger	H√§nell√§ on valtavat tuskat.
not-anger	Olette vaarassa valeidemme takia.
not-anger	Emme voi piileskell√§ niin kauan.
not-anger	paras : http://www.cd-mate.com/
not-anger	H√§n tulee ulos muutaman pelleksi puetun panttivangin kera.
not-anger	Kysy√§ toki voi kommenteissa , vaikka voi olla , etten osaa vastata kysymyksiinne .
not-anger	Ei kukaan murskaa liittoa.
not-anger	Hei, unohditte karttanne ja meid√§n miljoonamme.
anger	Vitut siit√§, mit√§ h√§n sanoi.
anger	Olen hyvin pettynyt sinuun.
anger	Joskus vihaan olla kytt√§.
anger	Piru vie .
not-anger	Toimivaltaisten viranomaisten tekem√§t tarkastukset voivat vaikeutua , koska el√§inkuljettajat voivat toimia vapaasti eri j√§senvaltioissa .
anger	Muistavat v√§√§rin vai pedofiili?!
not-anger	Ved√§tk√∂ sen uudestaan esiin?
not-anger	...Aino-Kaisa Saarinen: "Mulla on se ajatus, ett√§ mun ura tulee p√§√§ttym√§√§n t√§h√§n kauteen.
not-anger	Pid√§n h√§nen omaa kytk√∂st√§√§n hevosiin eritt√§in t√§rke√§n√§.
not-anger	Luulisin, ett√§ Caravaggio on meid√§n t√§m√§n hetken suosikkimme.
not-anger	Samalla huomasin yhden ihan uuden jutun , j√§√§dyin tosi pahasti , kun pit√§isi puhua tuntemattomille suomea .
not-anger	PeV:n asiantuntijat ovat hyvin kriittisi√§ sen suhteen, ett√§ #sote-lait voisi hyv√§ksy√§ normaalilakeina. https://t.co/r6ZBCKG0t9
not-anger	Emme voi auttaa noita hirvi√∂it√§.
not-anger	Olen niin yksin√§inen, ett√§ voisin kuolla.
not-anger	Mit√§√§n ei voi peitt√§√§ , milt√§√§n ei voi sulkea silmi√§√§n .
not-anger	J√§t√§ se sivellin siihen.
anger	Johan nyt on perhana !
anger	En kest√§ t√§t√§ paskaa.
anger	Jos kutsut minua viel√§ kerran Dickyksi, min√§ tapan sinut.
not-anger	Ennisin tuotannolle on ominaista r√§√§vit√∂n huumori ja brutaalit ihmiskohtalot, joita t√§ss√§ teoksessa ei valitettavasti kuitenkaan n√§hd√§.
not-anger	Myrkyt arveluttavat muutenkin , kemikaalit , ruuassa vedess√§ ilmassa .
not-anger	Katsojan uinuvat kohdat Leo Tolstoin romaani sijoittuu 1800-luvun lopulle ven√§l√§isen yl√§luokan seurapiireihin.
not-anger	Menee j√§nnitys pilalle .
not-anger	Ei tuollaiset 9 viikon jonot voi pit√§√§ paikkaansa.
anger	Ja te tulitte t√§h√§n oikeussaliin - jossa teit√§ uskollisesti palvelleen miehen el√§m√§ on peliss√§ - kertomaan ett√§ salasitte todisteita jotka olisivat auttaneet h√§nt√§?
not-anger	Pelk√§sin , ett√§ py√∂rtyisit .
not-anger	Jep, niit√§ on tullu katottua mutta jotenkin on vaan niin hankalaa omaksua niit√§ heittoja niin hyvin.
not-anger	Ehk√§ sinun olisi pit√§nyt antaa √§idin p√§√§tt√§√§ itse.
not-anger	Ei... nyt on kyl pakko laittaa palautetta. https://t.co/7On53KIVhR
anger	Mik√§ hitto sinuun on t√§ll√§ viikolla mennyt?
anger	Noin ei puhuta mun vaimoni edess√§.
not-anger	"Edvin Laineen ohjauksessa on Kalle Ruusunen k√§ynyt miellytt√§v√§n luonnolliseksi laulajanuorukaiseksi", katsoi P. Ta-vi ja T. A. s√§esti: "Kalle Ruusunen oli mieluisa tuttavuus eik√§ - luojan kiitos - edustanut mit√§√§n postikorttikoreutta.
not-anger	M√§ olen otellut 8 kertaa ammattilaisena.
not-anger	Jalat olivat aika hajalla seuraavina p√§ivin√§ ...
anger	Mutta enemp√§√§ en viitsi noin √§lyvapaalle tyypille vastailla.
not-anger	En kai tehnyt tuota?
not-anger	Ne lent√§isiv√§t hiuksiisi , ajatuksiisi ja my√∂hemmin et erottaisi minua edes autiolta kadulta .
anger	Tied√§t, ett√§ se kusip√§√§ h√§ipyi veneelt√§.
not-anger	Minun olisi pit√§nyt menn√§ bussilla.
anger	Vassarit tekee taas mit√§ vassarit tekee parhaiten eli sympatisoi tietenkin pedofiileja! Oksettavaa. https://t.co/89YpqsGp4P
anger	Junior, miss√§ sin√§ olet, senkin pikku nilkki?
not-anger	En tied√§, mit√§ kielt√§ h√§n puhuu.
anger	Min√§ teen mit√§ lyst√§√§n, hitto!
not-anger	Suomessa on toimiva kuluttajansuojalaki.
not-anger	En koskaan saa t√§t√§ anteeksi , enk√§ tule koskaan saamaankaan .
not-anger	Ubuntua asentamalla saa helposti sotkettua palautusosion toimimattomaksi, asentaminen on oikeasti taitoa vaativaa ja eik√§ ole mit√§√§n takeita ett√§ se ubuntu edes toimii kysyj√§n tietokoneessa.
not-anger	En voi en√§√§ suojella sinua.
not-anger	Maassa alkoi massiivinen kansannousu 17. helmikuuta , jonka yhteydess√§ kansalaiset vaativat itselleen √§√§nioikeutta ja sananvapautta .
not-anger	En pid√§ "kotimaisista elokuvista" ja jenkit tekev√§t parempia leffoja...
anger	Te varmasti vihaatte kirjoja!
not-anger	Kriitikon mukaan kolmasluokkalaisista koostunut koeyleis√∂ selv√§sti nautti elokuvasta.
not-anger	Lynx-selain ei n√§yt√§ CV-sivua ihan siten , kuin olisin halunnut .
not-anger	S√§hk√∂k√§ytt√∂inen 4-5 hengen farmariauto olisi todellinen vaihtoehto mutta kait mainituista syist√§ tarjotaan vain harvoille sopivaa urheiluautoa s√§hk√∂k√§ytt√∂isen√§.
not-anger	Olen viett√§nyt t√§m√§n p√§iv√§n kuvainnollisesti oman asuntoni vankina .
anger	Joten miksi helvetiss√§ ravaatte Ven√§j√§ll√§ viiden minuutin v√§lein?
not-anger	Kuulehan, minuakin v√§h√§n pelottaa.
not-anger	Kas kummaa , min√§ luulin ett√§ neiti tulee t√§nne rahaa ruikuttamaan .
not-anger	Meid√§n pit√§isi huolestua heist√§.
not-anger	Mieliteisiin vaikuttaminen on t√§rke√§√§.
not-anger	Sanoit ett√§ rakastat minua.
anger	Sulje ne hiton luukut...
not-anger	Mutta en min√§ osaa pelata baseballia.
anger	Min√§ ammun sen jos se tulee uudelleen.
not-anger	Etk√§ saakaan ellet ottele huippuhaastajia vastaan jotka min√§ omistan.
not-anger	28-vuotias toimitusjohtaja, omistaja ja nainen t√∂rm√§√§ edelleen ennakkoluuloihin. @suomenyrittajat https://t.co/khebUtqtXS
not-anger	Jouduin t√∂ihin
not-anger	Tuo h√§net t√§nne ole kiltti.
not-anger	Nyt tied√§t ett√§ maailman surullisin asia on el√§m√§.
not-anger	Tuostahan sin√§ voit saada vaikka mink√§laisen taudin .
not-anger	Omien markkinoidemme suojelussa turvallisuuden nimiss√§ ei ole mit√§√§n j√§rke√§ , ja mielest√§ni se merkitsee heikkouden tunnustamista .
not-anger	EU siis tukisi Turkin aseiden ostoa v√§lillisesti, niidenkin aseiden, joilla surmataan vapautta rakastavaa kurdikansaa.
not-anger	Viinit ovat yleen√§ aina teknisesti hyvin tehtyj√§, halvoissakaan hintaluokissa ei tule vastaan yleens√§ t√§ysin kuraa tavaraa, mutta toisaalta tajunnanr√§j√§ytt√§v√§t kokemukset on varattu yksinomaa ikonisien tarhojen sek√§ hintalappujen tuotoksille.
not-anger	En halua kuluttaa liikaa aikaa.
not-anger	Jupsun teltta oli kovassa k√§yt√∂ss√§ ja heilui melko lailla ; ruotsalaiset j√§iv√§t tuijottamaan tapahtumaa haltioissaan .
not-anger	Jos kuulee koko ajan haukkuja niihin alkaa pian uskoa.
not-anger	Kuinka se loitsu peruttiinkaan? Liiku!
not-anger	Jessica ei saa el√§√§ n√§in.
not-anger	Mikko K√§rn√§ silminn√§hden huolestuneen & √§rsyyntyneen n√§k√∂isen√§ thain kielen tunneilla, kuultuaan ett√§ Maman kananuudeleissa ei ole mit√§√§n el√§inper√§ist√§
not-anger	Eroaminen yst√§vist√§ni raastoi rintakeh√§√§ni , ja kyyneleet nousivat silmiini kaikista ponnisteluista huolimatta .
anger	Toivottavasti h√§n saa keuhkokuumeen ja kuolee.
anger	Eih√§n sit√§ ole kukaan muu kaivannut kuin sin√§ itse!
not-anger	‚Äì Libya on joutunut ep√§oikeudenmukaisen media- ja pr-hy√∂kk√§yksen kohteeksi , joka on johtanut Naton hy√∂kk√§yksiin , s√§hk√∂postissa kirjoitetaan .
not-anger	Anteeksi, mutta minulla on kiire.
not-anger	Onhan niit√§, mutta kunnolliset ohjelmat esim earmaster yleens√§ maksavat
anger	Kuka hitto sin√§ olet olevinasi, Keyes?
not-anger	Jouluna on hyv√§ hetki etsi√§ #leikkipankki 'sta sopiva leikki ja kertoa siit√§ my√∂s muille. https://t.co/aQXqTzuT6f
anger	Se, joka pilaa taideteoksen tuollaisella v√§rill√§ pit√§isi mestata.
anger	H√§ivy, tai heit√§n sinut ulos.
not-anger	Makkarassa ei v√§ltt√§m√§tt√§ maistuisi niin hyvin tekemisen meininkin , jos valmistukseen olisi k√§ytetty valmiita instrumentteja .
not-anger	Tuli jotenkin tosi itsetietoinen olo siit√§ , miten puhuu , ja sanat ei kuulostanut yht√§√§n omaan suuhun sopivilta .
not-anger	Harmi , ettei sit√§ saatu videolle !
not-anger	T√§n√§√§n hiukan s√§rkee tukkaa .
not-anger	Kulutan kaiken ajan tehden t√∂it√§ jonkun...
not-anger	Niiden olisi erityisesti annettava selvitys luvastaan , raportoitava s√§√§nn√∂nmukaisesti mahdollisista ongelmista ja pidett√§v√§ tarkasti kirjaa toiminnastaan ja sen tuloksista .
not-anger	Minua sattuu p√§√§h√§n .
not-anger	Arvoisa puhemies , joka vuosi juhlimme kansainv√§list√§ naistenp√§iv√§√§ ja joka vuosi p√§√§dymme samaan surulliseen johtop√§√§t√∂kseen : tasa-arvo , siin√§ m√§√§rin kuin se on toteutunut , koskee vain v√§hemmist√∂√§ kaikista maailman naisista .
not-anger	Anna hallintoroska Macin hoidettavaksi.
not-anger	JYP otti tylysti kuokkaan Sveitsiss√§ (https://t.co/FvYPT0PMME) https://t.co/4AgZjfRQpS
not-anger	Valitan, mutta m√§√§r√§ys on lopullinen.
anger	Kuinka monta kertaa minun on toistettava, ett√§ et tied√§ mist√§ on kysymys.
not-anger	Itse tankkaisin, mutta on jo ylipainoa Fortumissa.
anger	Mit√§ t√§m√§ on olevinaan?
not-anger	Se j√§√§ renkaaksi keittolevylle , kovettuu pahanhajuiseksi tahraksi .
not-anger	Loco Martinez on autovaras.
anger	Vihaan sit√§! Ja ajotapaasi! Ja viskinkatkuista hengityst√§si!
anger	Taistele vastaan, senkin pummi!
not-anger	H√§nen olisi ainakin pit√§nyt sanoa.
not-anger	V√§kivalta ei ole ratkaisu.
anger	No kuka hel-vetti sinnekin muka on menossa?
anger	Ja n√§it√§ h*lvetin h√∂yheni√§ on joka paikassa nyt .
not-anger	H√§n piti eritoten mieluisana tarkkailla sit√§ , kuinka kalat k√§viv√§t purskauttamassa ilmakuplan vedenpintaan , sek√§ sit√§ , miten vesi lainehti t√§m√§n seurauksena hetken muodostaen loitontuvan ympyr√§n , ja kuinka osuessaan auringon heijastukseen kajo lainehti hetken mukana ensin kiivaasti , mutta lopulta lauhkeasti .
not-anger	( 10 ) On suotavaa , ett√§ vahvistetaan selke√§t ja yksityiskohtaiset suuntaviivat tekij√∂ist√§ , joilla voidaan m√§√§ritt√§√§ , onko polkumyynnill√§ tapahtunut tuonti aiheuttanut tai uhkaako se aiheuttaa merkitt√§v√§√§ vahinkoa ; jos pyrit√§√§n n√§ytt√§m√§√§n , ett√§ yhteis√∂n tuotannonalalle aiheutunut vahinko johtuu kyseess√§ olevan tuonnin m√§√§r√§st√§ ja hintatasosta , on syyt√§ ottaa huomioon muiden tekij√∂iden vaikutukset ja erityisesti vallitsevat yhteis√∂n markkinaolosuhteet ;
not-anger	Kaikki peruuntuu, jos heit√§ ei n√§y.
not-anger	Opiskelu on kovaa ty√∂t√§ , ja opintojen suunnittelu vaatii aikaa ja vaivaa .
not-anger	‚Äì Markkinoiden tilanne on uskomattoman vaikea , Grisay sanoi toimittajille puhelinkokouksessa , uutistoimisto Bloomberg kertoi .
not-anger	AS Roma ei pystynyt kuromaan Arsenalin etua kiinni
not-anger	Minulla on siihen yksinoikeus.
not-anger	J√§√§hyv√§iset ovat siet√§m√§tt√∂mi√§ .
not-anger	Kaikki k√§√§nnytet√§√§n.
not-anger	@sannajylanki Voi olla sitke√§kin, kuten kuvan ote L√§√§k√§rikirja Duodecimist√§ kertoo. https://t.co/ODHSsJbL9y
not-anger	T√§h√§nastisten n√§ytt√∂jesi perusteella se tosin tuntuu mahdottomalta.
anger	Jos vaarannat henkeni, paskiainen, saat heitt√§√§ n√§ille hyv√§stit.
anger	Falkor, sinun ei olisi pit√§nyt antaa h√§nen!
not-anger	Et kai sin√§ usko sellaiseen?
not-anger	mut hiukan himment√§√§ seksiajatuksia se tosiasia, ettei siihen ole mahdollisuutta sen kanssa jonka kanssa siihen pystyisin...
not-anger	Katsokaa, kuka t√§√§ll√§ on.
not-anger	Toivottavasti!
not-anger	Luulin olevani ep√§ilty kun uhri oli murhattu samankaltaisella aseella kun minulla on.
not-anger	Olisi kuitenkin eritt√§in itsek√§st√§ ja katastrofilla leikkimist√§ , jos Yhdysvallat jatkaisi linjallaan ja j√§tt√§isi lapsilleen 20 000 miljardin , tai viel√§kin suuremman , velkataakan .
anger	@iFoppa paska j√§tk√§
anger	Kun kyl√§l√§iset nauroivat sinulle, halusin tappaa heid√§t.
anger	Maksa tai lenn√§t ulos t√§√§lt√§.
not-anger	Se maksaa h√§nelle paljon enemm√§n.
anger	T√§m√§ on ravintola eik√§ mik√§√§n lukupaikka .
anger	En todellakaan suosittele, ett√§ alat esittelem√§√§n munakarvojesi lis√§ksi persett√§si t√§ll√§ saitilla!
not-anger	Puolustaisin teit√§, jos haluaisin rahaa, mutta se ei tuntuisi kivalta.
anger	@HKantoniemi Min√§k√§√§n mist√§√§n mit√§√§n tied√§ mut jotenkin n√§in maallikon n√§k√∂kulmasta n√§kisin ettei puolustajan homma ole tehd√§ maaleja, joten miks helvetiss√§ sit√§ pit√§√§ ihmetell√§ joka matsissa üôÑ
anger	Se saatanan Texador ja Montalvo, jeesus sent√§√§n, he lavastavat v√§ke√§ syyllisiksi!
anger	Katso v√§h√§n mihin huidot.
not-anger	Runsas makkaransy√∂nti lis√§√§ riski√§ sairastua sy√∂p√§√§n .
not-anger	Hyv√§√§ palautetta tulee saatua ja annettua todella v√§h√§n.
not-anger	En usko, mit√§ olemme tehneet.
not-anger	Oliko sinulla ja Carolynilla suhde?
not-anger	Eih√§n t√§m√§ viel√§ ole kummoinen, mutta minulla ja kumppanillani on suunnitelmia.
not-anger	Siit√§ tulee vainoharhaiseksi .
anger	√Ñlk√§√§ leikkik√∂ minun kanssani.
not-anger	Puhumattakaan sitten siit√§, ett√§ monelle terveydenkin kannalta v√§ltt√§m√§tt√∂m√§n ty√∂n teon hidastamisen my√∂t√§ pit√§isi potea syyllisyytta el√§m√§nvalintansa vaikutuksesta kanssasisaren urakehitykseen tai ty√∂el√§m√§n sukupuolittuneisuuteen.
not-anger	Jos saisimme tuollaisen kepin...
not-anger	H√§n ehdotti kolmea p√§iv√§√§ ja kolmea paikkaa.
not-anger	T√§m√§ nyt ei ole sitten testivoittaja, mutta kajarit l√∂ytyy.
not-anger	Tykk√§sin @YouTube-videosta https://t.co/917Rq9NTdV Ill Kirill & Eepi Boloks - Joka P√§iv√§ feat. Paha Paja & SKM
not-anger	En usko en√§√§ mit√§√§n.
not-anger	Menetelm√§ni perustuvat h√§nen menetelmiins√§ mutta v√§h√§n edistyneemp√§n√§.
anger	Tulee jo traumoja tuosta!!!
anger	Etk√∂ ymm√§rr√§, ett√§ minulla ei ole sellaisia rahoja?
not-anger	Kalpene kateudesta, Geraldo Rivera.
anger	Min√§ annan sinulle samalla mitalla takaisin!
not-anger	Hyvin k√§ytt√§ytyv√§t saavat omat dat≈°at.
not-anger	Min√§ en tahdo kovinkaan paljoa lis√§√§ korjattavaa ja pupu ei taas tahdo enemm√§n huollettavaa kukkamaata .
not-anger	Hetken kuluttua h√§n katseli kymmenennen kerroksen ikkunasta alla lentelevi√§ puluja ja mietti onko t√§m√§ varmasti oikea tapa menetell√§ .
not-anger	Putosin maahan , laitoin silm√§t kiinni , painoin p√§√§ni alas ja sorruin siihen asentoon , jossa k√§det tuntuivat menev√§n kaksi kierrosta vartaloni ymp√§ri .
not-anger	T√§√§ll√§ on niin hiljaista l√§ht√∂si j√§lkeen .
not-anger	Kai se on se √§√§nimaailma, vaikkakin uusi oku on aika hiljainen, mutta √§√§ni on silti jotenkin halvan oloinen.
not-anger	H√§n luultavasti tarkoitti vain sit√§ , ett√§ - -
not-anger	Luulen my√∂s, ett√§ aika usein k√§y niin, kun eka kerralla vedet√§√§n suoraan hetekalle...
not-anger	kiitoksi sinulle j√∂p√∂tt√§j√§.
not-anger	Kasvu ei saa j√§√§d√§ kiinni oikeanlaisen koulutuksen puutteesta.
anger	Mill√§ oikeudella kuulustelette minua?
not-anger	Haluan esitell√§ teille jalon orhini, Cyrilin.
not-anger	‚Äì En kyll√§ luottaisi tuohon .
anger	En halua edes tiet√§√§ miss√§ h√§n on.
not-anger	H√§nen is√§ns√§ maat ovat vaarassa.
not-anger	3x budjetti ei kuitenkaan yll√§tyspyll√§tys onnaa, niin ett√§ saattaa olla ett√§ ostan kriteerill√§ mik√§ n√§ytt√§√§ p√∂yd√§ll√§ kivalta...tai sitten tosiaan kartoitan viel√§ tarjontaa.
not-anger	Tietysti h√§irittiin excun pit√§j√§√§ , olihan mekosta pakko v√§h√§n puhua tytt√∂jen kesken .
not-anger	Puristit eiv√§t v√§ltt√§m√§tt√§ pid√§.
anger	S√§k√∂ tulet t√§nne t√§n porukan kanssa pyyt√§m√§√§n mua tappeleen sun kanssa?
not-anger	Mit√§ sin√§ t√§√§ll√§ teet, Decker?
anger	Meneh√§n siit√§ !
anger	Min√§ olen juuri nyt hiton vihainen.
not-anger	Ihmettelen sellaisia Twitter-tilej√§, jotka ovat t√§ynn√§ sekavaa horinaa.
anger	Mit√§ helvetti√§ teet huoneessani?
not-anger	sadeviitan alla rupesi olemaan kuumaa ja hiostavaa .
not-anger	En min√§ halunnut hirtt√§yty√§ , viilt√§√§ tai ottaa pillereit√§ , mit√§ sitten jos joku l√§heinen olisi minut l√∂yt√§nyt .
not-anger	Ei tarvitse k√§yd√§ useasti, mutta silloin kun tarvitsee, niin siin√§ kest√§√§...
anger	Suksis vaikka vittuun.
not-anger	Yritin varovaisesti kietoa k√§teni h√§nen ymp√§rilleen , mutta vastaanotto oli jotenkin nihke√§ .
not-anger	Apuvaaaa √§ik√§n tekstitaito huomenna üò±üò±üò± onneks ei nyt pelota yht√§ paljon ku eilen p√§iv√§ll√§ ku isk√§ sai v√§h√§ rauhoteltuu üòÖüòÖ
not-anger	Luulitko sin√§ , ett√§ kiinnostuisin Jonesta , kiinnostuisin niin , ett√§ k√§velisin h√§nen kanssaan teid√§n vierell√§nne ?
not-anger	Se teeskentelee ettei n√§e ja menee taukotupaan ihan hiess√§ laskemaan , kauanko piinaavaa ty√∂vuoroa on viel√§ j√§ljell√§ . ‚Äù
not-anger	Nyt olisi hyv√§ hetki vaipua ep√§toivoon , tuskailla kaaosta ja harmitella jouluherkutteluja .
not-anger	@Wikmanni @Millakisu @mattiwaananen Ainakin Helsingin vesi hyv√§√§,P√§ij√§nne ja pohjavesivarannot meh√§n kylvemme + pesemme pyykin juomavedess√§
not-anger	Orpo ja Soini twiittaavat, ett√§ hallitusyhteisty√∂t√§ ei voida jatkaa.
not-anger	T√§m√§ setti toimi , sill√§ siin√§ vaiheessa kun avaimet oli vaihdettu , uskalsin jo kysy√§ , ett√§ ‚Äù mit√§ s√§ musta ajattelit , kun ekan kerran n√§it ? ‚Äù .
not-anger	@markkuilmari @veroekonomisti @veroekonomisti arvioi veronkorotusten inflaatiovaikutukset ainakin tammikuussa viel√§ maltillisiksi: https://t.co/6BJarpr9v2
not-anger	Oli y√∂ss√§ h√§nen kotinsa , ei auringon alla muiden kanssa halunnut onnen per√§ss√§ juosta , ei kyyneli√§√§n vieritt√§√§ .
not-anger	Suljen silm√§ni kyyneleiden yritt√§ess√§ pyrki√§ ulos .
not-anger	Minulla oli ik√§v√§ poikaani .
anger	Ei t√§m√§k√§√§n totuus miksik√§√§n muutu vaikka joku juoppo loisel√§j√§ ja sossupummi muuta v√§itt√§isi.
not-anger	( Emme ehtineet . )
anger	Miksi sin√§ saisit ne?
anger	Mit√§ helvetti√§ t√§√§ll√§ tapahtuu, Heinemann?
not-anger	Puolustustoimet sallittu vain minun k√§skyst√§ni.
anger	Danten on paras paskantaa tai l√§hte√§ potalta.
not-anger	Eilen halusin viel√§ ryyp√§t√§ , koska jokainen lukemani " viini " sana sai minut muistelemaan suloista punaista nestett√§ , mutta t√§n√§√§n minusta on alkanut tuntua , kuin kaikki Chinaskin juoma alkoholi vaikuttaisi minussakin ja saisi minutkin k√§rsim√§√§n kroonista krapulaa .
not-anger	Jokaisen on teht√§v√§ osansa.
not-anger	Uskaltaako t√§ss√§ viel√§ sanoa yht√§√§n mit√§√§n .
not-anger	Niin, mutten tied√§, onko h√§n viel√§ yst√§v√§.
not-anger	Kun n√§en is√§n liikkumattomana sohvalla tai s√§ngyss√§ , kun n√§en vessan tai suihkun oven suljettuna , enk√§ kuule √§√§ni√§ , kun n√§en is√§n liikkumattoman sel√§n p√∂yd√§n √§√§ress√§ : aina minun on pys√§hdytt√§v√§ odottamaan elon merkkej√§ ; varpaan nytk√§hdyst√§ , syv√§√§ hengityst√§ , ysk√§isy√§ , vessan vet√§mist√§ , suihkun aukaisemista .
not-anger	H-o K. (Heimo Kallio, Uusi Aura 4.11.1961) huomautti, ett√§ vaikka Tarkas palasi uudessa ty√∂ss√§√§n Opettajatar seikkailee -elokuvan maisemiin, ei en√§√§ liikuttu "niink√§√§n leppoisissa ja hauskoissa tunnelmissa, vaan vanhan ymp√§rist√∂n ja er√§itten tuttujen tyyppien kuvauksessa on nyt jotain kiristynytt√§, v√§kisell√§ hauskanteon makua.
not-anger	Viljanmaan mukaan Linkolan teksti on natsismia ylist√§v√§√§ vihapuhetta.
not-anger	Min√§ v√§√§nt√§ydyin istumaan niskaani hieroen .
not-anger	H√§n haukkui miehi√§ siihen malliin , ett√§ v√§lill√§ tuntui olevan syytetyn penkill√§ kaikkien feministien huohottaessa niskaan .
anger	Min√§h√§n yrit√§n parhaani , mutta kun joukossa on porsaita , jotka koko ajan keskeytt√§v√§t .
anger	Ja paskat j√§t√§n !
not-anger	Soto on ansainnut elantonsa kehitt√§m√§ll√§ kolme tiedostonjako-ohjelmaa , mutta h√§n kiist√§√§ syyllistyneens√§ laittomuuksiin .
anger	Miten niin olet alakerrassa, senkin idiootti?
not-anger	Mary, etk√∂ esittele meit√§?
anger	Jos h√§n ei ole siell√§, tulen takaisin ja tapan sinut.
not-anger	Helmikuu alkoi isoilla uutisilla: kuntauudistuksen virkamiesesitys ja puolustusvoimien uudistushake julkistettiin sek√§ kerrottiin Salon tuhannen ty√∂paikan menetyksest√§ Nokian my√∂t√§.
not-anger	Jos siin√§ oli kaikki, tahtoisin olla yksikseni.
anger	Minulle riitti! Tuki suusi.
not-anger	Porttimme t√§ytyy pit√§√§ avoimina heille .
not-anger	Kun en en√§√§ jaksanut , putosin maahan , laitoin silm√§t kiinni ja toivoin , ett√§ kaikki olisi vain pahaa unta .
not-anger	Kuulimme siit√§ jatkuvasti lakikoulussa. H√§nen saavutuksistaan, h√§nen muististaan.
not-anger	Mik√§ mieli , j√§rki tai merkitys t√§ll√§ hirvitt√§v√§n kokoisella maailmankaikkeudella on ?
not-anger	On oli paljon mukavampi.
not-anger	Harmi vaan , ett√§ n√§iss√§ superpakkasissa ei tee mieli l√§hte√§ ulos miss√§√§n sukkahousuasuissa .
not-anger	Neuvoston puheenjohtaja Moscovici ei voinut valitettavasti olla l√§sn√§ puheenvuoroni aikana .
not-anger	Tai sitten saarten kultatukkainen Gunilla, kaikkien nyyhkylukemistojen sankaritar, jolta j√§rjestyy suihkua, y√∂sijaa ja ateriaa ja joka elokuvan naiveimmassa kohtauksessa kiit√§√§ kaatopaikalle pelastamaan prinssi√§√§n."
anger	Jos seuraatte viel√§, leikkaan k√§det irti. Selv√§?
not-anger	N√§ine ajatuksineni et erottaisi minua ruuhkaiselta tielt√§ .
not-anger	Erityist√§ kritiikki√§ kohdistettiin elokuvan naiskuvaan.
not-anger	@teemukunto T√§√§ on v√§h√§n liikaa mun psyykelle. Pidet√§√§n Tarantinon maailma mieluummin Pohjois- ja Latinalaisissa Amerikoissa tunnelmineen.
not-anger	Jospa sitten palattuani voisimme viett√§√§ aikaa aivan kahdestaan.
not-anger	Mit√§ min√§ puhun ?
not-anger	Bachelor-Joni kuvausten rankkuudesta: ‚ÄùPari kertaa olin k√§vell√§ mereen‚Äù...
not-anger	Arvoisa puhemies , p√§√§tin lopulta pid√§tty√§ √§√§nest√§m√§st√§ v√§ltt√§√§kseni t√§llaiset tilanteet , joissa ehk√§ liioitellaan mietinn√∂n tarkoitusta .
not-anger	Eik√∂ miehell√§ ole oikeutta tiet√§√§, mihin h√§n pestautuu?
not-anger	Toitko sin√§ h√§net t√§nne?
anger	Vaaransin oman maineeni ett√§ saisit t√§m√§n ty√∂n - ja odotin sinulta yhteisty√∂halukkuutta!
not-anger	‚Äì Arvoisa puhemies , torjun kaikki n√§m√§ ilke√§mieliset vihjailut ja ep√§oikeudenmukaiset v√§itteet .
anger	sun kavereissa pit√§√§ kyll√§ olla jotain vikaa kun en saa 3310 rikki!!!!!!!!!!!!!!!!!!!!!!!!!!!!!!!
not-anger	Meill√§, Suomessa, Saa p√§√§ministerin, kaunis, vartalo, aikaan toisenlaista turinaa.
anger	tuo juha nyt vaan on niin saatanan tyhm√§, ettei se varmaan ole mit√§√§n matkustusasiakirjoja edes yritt√§nyt itselleen hankkia :)
not-anger	Esitet√§√§n hyvi√§ ihmissuhteita üòÑ
not-anger	Miksi he ovat t√§√§ll√§?
anger	Kuka noi kovat tappiot maksaa noille luuseritalleille ja mit√§ j√§rki√§ kenenk√§√§n on niit√§ maksaa ja tekeek√∂ sill√§ kukaan ylip√§√§t√§√§n voittoa?
not-anger	Jokainen elollinen olento kykenee hy√∂kk√§√§m√§√§n - riitt√§v√§sti √§rsytettyn√§.
anger	Kuka sin√§ olet komentamaan meit√§?
anger	Mik√§ tippi t√§m√§ on, kitupiikki?
not-anger	K√§y ty√∂l√§√§ksi.
not-anger	Olis ansaittu enemm√§n mit√§ tuli #WorldCupFi
not-anger	Miksi h√§pe√§mme ?
anger	Kipit√§ kotiin, tai sinulle k√§y huonommin kuin viimeksi, hinttari.
not-anger	Mit√§ jos t√§m√§n takana oli vain yksi ihminen?
not-anger	T√§t√§ asetusta ei saa tulkita niin , ett√§ sill√§ olisi vaikutuksia perusoikeuksien , mukaan lukien lakko-oikeus , k√§ytt√§miseen sellaisina kuin ne j√§senvaltioissa tunnustetaan .
not-anger	Auto kyll√§ huolletaan s√§√§nn√∂llisesti, moottoria kuunnellaan ja √∂ljyn laatua tutkaillaan, mutta oma hyvinvointi otetaan itsest√§√§nselvyyten√§.
not-anger	Jos yhteis√∂ ei kunnioita yksil√∂n oikeuksia, - yhteis√∂ ei voi selviyty√§.
not-anger	Ei ole ikin√§ mukava saada kriittist√§ palautetta.
not-anger	Tai jutella takana olevalle citymarketin kassajonossa .
anger	Min√§ n√§en punaista. Olen kiukkuinen.
not-anger	" Hei , otakin minusta erilainen syntym√§p√§iv√§kuva .
anger	Mit√§ pirua t√§m√§ kaikki tarkoittaa?
not-anger	Se oli h√§nen el√§m√§ns√§ onnellisin ilta.
not-anger	Minusta on eritt√§in valitettavaa todeta , ett√§ meid√§n on vedett√§v√§ takaisin kompromissiehdotuksemme ja ett√§ meid√§n on sen vuoksi turvauduttava sovittelumenettelyyn .
anger	Kuules hintti - joskus et ole niin hauska kuin luulet.
not-anger	Joskus tuntuu, ett√§ en puhu sinun kanssasi vaan sinun draamaopettajasi kanssa.
not-anger	K√§sikirjoituksen laatijan, Nisse Hirnin syyksi lienee katsottava, ett√§ elokuvaan on sis√§llytetty hiukan liian runsas henkil√∂kunta, mik√§ seikka hajottaa tapauksia.
not-anger	Puikoilla sy√∂nti luontui tyt√∂ilt√§
not-anger	Tai sitten niiden hinnat nousivat .
not-anger	Ty√∂ on liian rankka sinulle.
not-anger	K√§rp√§t suhteellisen kova jengi.
not-anger	Miksi teid√§n pit√§isi huolehtia siit√§ Moskovan s√§hkeest√§?
anger	Pakotit minut j√§√§m√§√§n hoviin.
anger	Se oli sinun syysi!
not-anger	Se riipaisee syd√§nt√§ni .
not-anger	Haaviston "perheen" tuntemis / seurustelun kesto heittelee 3 vuodella haastattelun ajankohdasta riippuen...
anger	Mit√§ helvetti√§ t√§m√§ on, Decker?
not-anger	Viimeinen henkil√∂, jonka kanssa haluat riitoihin.
not-anger	En uskalla antaa aitoa kultakolikkoa.
not-anger	Sun on haastettava se mies otteluun Tommy.
not-anger	Et ehdi nauttia siit√§. Palaamme t√§n√§ iltana.
anger	M√§ vien sut oikeuteen ja m√§ tapan sut !
not-anger	Jos teoriat ovat ulkopuolisen maailman peilikuvia ihmisen ai- voissa, niin ainakin Bernsteinin teorioiten kohdalla on lis√§t√§v√§ ‚Äì toisinaan p√§√§laelleen asetetuja peilikuvia.
not-anger	Valoista voisi olla kanssa hy√∂ty√§.
not-anger	Niinp√§ .
not-anger	Vesiosuuskuntaan tai kunnalliseen verkkoon liittyminen tulee kalliiksi, lis√§ksi maksa sek√§ tulevasta puhtaasta vedest√§ ett√§ j√§tevedest√§.
not-anger	No t√§mm√∂inen tapahtumailmoitus on ihan jees.
anger	Tuollaiset kysymykset ovat tunkeilevia.
not-anger	Pahoittelen, ett√§ jouduitte kest√§m√§√§n t√§m√§n koettelemuksen.
not-anger	Tietenkin puhut asiaa, kuten aina, sill√§ meid√§n taloyhti√∂n piha rempattiin aivan uuteen uskoon.
not-anger	En ole vastuussa Filipille teoistani - tai alamaisteni teoista.
not-anger	Keisarilla ei ole tietoakaan kansansa k√§rsimyksist√§.
not-anger	Valo ei p√§√§se sis√§lle , eik√§ se loista ulos .
not-anger	Konstaapeli Chapman taistelee hengest√§√§n.
not-anger	Lainaatko rahat vai et?
not-anger	He olisivat siis ilman turvaa 65:nteen ik√§vuoteen asti , jolloin heid√§n el√§kkeens√§ olisi noin 500 euroa kuukaudessa .
not-anger	JavaScriptist√§ ollaan montaa mielt√§ ja syyst√§kin.
not-anger	Vaikuttaa silt√§, ett√§ h√§n suojelee Inglethorpia.
not-anger	Olemme hankalassa tilanteessa , sill√§ Air France -lentoyhti√∂ll√§ on t√§ydellinen monopoliasema Yhdistyneess√§ kuningaskunnassa ja olisi hyvin valitettavaa , jos kahnaus lentoyhti√∂n kanssa est√§isi Euroopan parlamentin brittij√§seni√§ √§√§nest√§m√§st√§ ja edustamasta omia vaalipiirej√§√§n .
not-anger	Se on oikea ele.
not-anger	Kaikki odottavat j√§nnittyneen√§ kuljettajan vastausta .
not-anger	Rocky, huhutaan ruumiillisista komplikaatioista.
not-anger	Miten lie on tyt√∂n psyykkinen terveys , t√§m√§n tapahtuman j√§lkeen .
not-anger	Ministeri Kyll√∂nen l√§hetti viime maanantain kolumnini lukijalle viestin, jossa h√§n ilmoitti, ett√§ jos j√§√§nmurto pys√§htyy talvella yhdeksi p√§iv√§ksi, se maksaa veronmaksajille 200 miljoonaa euroa.
not-anger	Kiitos miss Hunnicut. Ei muuta kysytt√§v√§√§.
not-anger	Ei NATOonkaan sen enemp√§√§.
anger	" Kuinka voit tehd√§ meille n√§in kaiken yhdess√§ viett√§m√§mme ajan j√§lkeen ? "
not-anger	Hesarin tuomio: "Alex on kiinnostava kirja." @alexstubb @OtavanKirjat #alexkirja https://t.co/FVA3EAk0Bc
anger	Danny surmattiin ja h√§net tappanut saa maksaa tekonsa!
not-anger	Voit olla ravintoasiantuntija, vaikka et ole saanut edes yht√§ tuntia opetusta yht√§√§n mist√§√§n ravintoon liittyv√§st√§.
not-anger	Yht√§ lailla on n√§ist√§ pian mahdollisesti ty√∂tt√∂min√§ olevista huolehdittava.
not-anger	T√§√§ll√§ on yst√§v√§llisin vihollisesi, joka muistuttaa, ett√§ ottakaa rauhallisesti, - ja √§lk√§√§k√§ olko mihink√§√§n vapaaehtoisia.
anger	Haavisto pit√§isi l√§hett√§√§ heti ven√§j√§lle,miss√§ Homot joutuvat pakkohoitoon.
not-anger	Mutta meill√§h√§n on vain h√§nen sanansa, ett√§ ovi oli lukossa.
not-anger	Napuen taistelussa Kyr√∂joki v√§rj√§ytyi verest√§ punaiseksi, talot ja maat poltettiin ja tuhansia miehi√§ tapettiin.
not-anger	Taisi olla kalibroinnin puutetta , aijai .
anger	Ei, meit√§ ei saa h√§irit√§.
not-anger	Riitt√§m√§tt√∂myydentunne ahdistaa.
not-anger	Olen pahoillani niist√§ tossuista.
not-anger	Mikseiv√§t he voi menn√§ ilman meit√§?
not-anger	Jossain vaiheessa iltaa vaihdoinkin nuo kultaiset keng√§t korkeampiin , mutta siit√§ ei valitettavasti ole kuvaa .
not-anger	Tero Pitk√§m√§ki: "Eiv√§t saksalaiset voittamattomia ole" (https://t.co/FvYPT0PMME) https://t.co/8KTEz0AMWC
not-anger	Sukupuolella tai i√§ll√§ ei oo v√§li√§ vaan sill√§ ett√§ h√§n on umpirasisti. https://t.co/kx0XBccZZq
not-anger	Mutta tosiaan toivon, ett√§ jotain tutkitaan seuraavan l√§√§k√§rik√§ynnin j√§lkeen.
not-anger	Ne tulevat hakemaan sinut, pikkusisko.
not-anger	Olemme menett√§√§neet sille monia.
not-anger	Meill√§ ei ole toimivaltaa tietokoneeseen.
not-anger	Tied√§th√§n, ett√§ mahdollisen evakuoinnin joutuu p√§√§s√§√§nt√∂isesti maksamaan itse ja se voi tulla yll√§tt√§v√§nkin kalliiksi.
not-anger	T√§m√§ on kuin koulussa.
not-anger	Ei niit√§ taida paljon kukaan hoitaa ja usein kastelukin j√§√§ minimiin ja kuivaahan ne ennen pitk√§√§n. :(
not-anger	En voinut olla huomaamatta, ett√§ nunnanpuvusta huolimatta olette aika nuori.
not-anger	T√§m√§h√§n on todella hyv√§√§.
anger	En ole mit√§√§n sinun huoriasi.
anger	Lopetan, jos aiot pilkata minua.
anger	Et ehk√§ halua n√§iden kaverien kuulevan sit√§. Anna tulla, kusimulkku.
not-anger	@ErvastiPekka @taipreikki Animalia onkin nostamassa syytett√§ el√§inr√§√§kk√§yksest√§.
not-anger	Minusta olisi kauheaa, jos toinen olisi hoikka ja toinen huomattavasti ylipainoinen.
not-anger	En halua, ett√§ n√§et minut t√§llaisena.
not-anger	Muut vaihtoehdot sis√§lt√§v√§t selke√§n linjauksen Karttulan lukion lakkauttamisesta.
not-anger	Olipa kysymys siis tuhansista kadonneista tai Jammun ja Kashmirin joukkohaudoista tai kristittyjen murhaamisesta Orissassa ja heihin kohdistuvista hy√∂kk√§yksist√§ , meid√§n on edelleen sitouduttava ihmisoikeuksiin ehdoitta ja varauksetta .
not-anger	Luulin olevani joku, joka en ollut.
not-anger	Pid√§ heit√§ silm√§ll√§. He tarvitsevat Sinua.
not-anger	En halua satuttaa poliisia Chappie.
not-anger	hyv√§tuutiset #Eduskunta hyv√§ksyi √§itiyslain √§√§nin 122-42.
not-anger	Eik√§ sill√§ tavalla , kun iso√§iti kommentoi n√§hty√§√§n minut kokeilemassa vanhojentanssipukua , ett√§ kyll√§ jotku liivit sais olla , koska mekossa on turhaa tilaa .
not-anger	Urpilais-parka on hoitanut Brysselin asiat ja saanut omiensa kritiikin.
anger	tuu takas mik√§ sua vaivaa ?
not-anger	Vai voiko tosiaan pit√§√§ paikkansa , ett√§ minun nelj√§s olohuoneeni , jonne tulen arki-iltana juomaan teet√§ ja pelaamaan lautapelej√§ kavereiden kanssa , on jollekin laittautumisen , aloittelun ja jatkojen v√§liin j√§√§v√§ bilepaikka ?
not-anger	"Pienist√§ tahattoman koomisista ylily√∂nneist√§ huolimatta Kuu on vaarallinen on viihdytt√§v√§ melodraama", koki Harri Moilanen (Kansan Uutiset 10.10.1991).
not-anger	No se Molla , se oli siin√§ l√§heisen puron v√§√§r√§ll√§ puolella ja m√§ liukastelin mutasella peltotiell√§ niill√§ isois√§n arvosaappailla , enemm√§n huolissani niist√§ saappaista kun yhdest√§ meid√§n sadasta lehm√§st√§ .
anger	Olet saatanan tyhm√§ kusip√§√§, Zap.
anger	Se on sinun syyt√§si, senkin petturi!
not-anger	Jopa me, Mutamiehet, jotka on tehty maasta, emme p√§√§se sinne.
not-anger	Ei sellaisia leikkauksia keksit√§k√§√§n , joita Andersson ja Huttu-Juntunen eiv√§t hyv√§ksyisi pysy√§kseen hallituksessa .
not-anger	Todistaja v√§itti - ettei herra Sabich kertonut kaikkea tutkintaan liittyv√§√§.
not-anger	Voitteko tosiaan haudata jotain n√§in isoa?
anger	Se loinen asuu varmaan autossaan.
not-anger	Oli nyt kev√§√§ll√§ varpuset kauhuissaan, kun ei ollut oksia, mihin istahtaa!
not-anger	Miehelt√§ katkesi viikset
not-anger	- Mit√§mit√§ , Lasarin S-market ja Alko avattu ? ! ? !
not-anger	Haamuosakkailla tarkoitan osakkaita, jotka : - eiv√§t ole k√§yneet yhti√∂kokouksessa koskaan - ovat vuokranneet huoneistonsa - saattavat asua kaukana omistamistaan huoneistoista, eri paikkakunnalla - eiv√§t k√§y huoneistossa edes vuokralaisen vaihtuessa Omien kokemusteni mukaan taloyhti√∂n hallituksen ty√∂ hankaloituu sit√§ enemm√§n, mit√§ useampi huoneistoista on vuokrattu ja mit√§ enemm√§n yhti√∂ss√§ on haamuosakkaita.
not-anger	Sama valmistaja, mutta rosewill on se halpismerkki.
not-anger	- Min√§ aion sukeltaa niin paljon sieni√§ , ett√§ pystyn ostamaan Hypatialle kaikkein kauneimman kaulakorun , Theron sanoi yst√§v√§lleen Simonideelle .
not-anger	T√§ss√§ koko asian ytimen√§ on se, ett√§ olipa toiset vaikka miten paljon "pimeen√§/v√§√§r√§ss√§/t√§ystorvia/ja vaikka vallan mit√§", - niin silti on turhaa menn√§ irvuilemaan kenellek√§√§n.
not-anger	Kadotin itseni taas tyhjyyden pime√§√§n aukkoon , enk√§ en√§√§ osaisi yksin kotiin .
not-anger	Abigor: ensisilm√§yksell√§ pelkk√§√§ primitiivist√§ paahtoa, mutta jos sit√§ jaksaa kuunnella, paljastuu se eritt√§in monitasoiseksi pl√§kkikseksi :D
not-anger	Enh√§n tied√§ , mit√§ toisella puolella on .
not-anger	H√§nen on pakko totella.
not-anger	H√§n oli jo kuollut p√§√§n vammoihin.
anger	Sano sille, ett√§ vihaan h√§nt√§.
not-anger	N√§it√§ tilaisuuksia saa vain Amerikassa.
not-anger	T√§ytyy kyll√§ my√∂nt√§√§ nyt EP:n muutamaan otteeseen kuunnelleena, ett√§ ei t√§m√§ mit√§√§n j√§risytt√§v√§√§ ole.
not-anger	N√§ihin SIS II -j√§rjestelm√§n s√§√§nt√∂ihin sovellettava tietosuojaj√§rjestelm√§ on kohtuuttoman monimutkainen .
not-anger	Itsell√§ omassa acerin emachines paskassa minil√§pp√§riss√§ Precise Pangolin.
not-anger	Olemme my√∂s huolissamme arkaluontoisten tietojen k√§yt√∂st√§ SIS II -j√§rjestelm√§ss√§ .
not-anger	Lhmiset saattavat k√§sitt√§√§ v√§√§rin.
anger	Min√§ sanoin laske aseet, senkin paskiainen!
not-anger	"Kysymykset voivat her√§tt√§√§ pelkoa jo valmiiksi mahdollisesti traumatisoituneissa lapsissa", sanoo @IHetemaki. https://t.co/qoKQkkgR2U
not-anger	√Ñlk√§√§ sanoko, ett√§ minulla on syy el√§√§.
not-anger	Miksi haluat palata sinne mist√§ aloitit?
not-anger	Miten he selitt√§v√§t ett√§ joku voi k√§vell√§ niska murtuneena.
not-anger	Ongelmia lyk√§t√§√§n vain eteenp√§in.
not-anger	- Keit√§ te olette ja miksi tungette t√§nne iltamy√∂h√§ll√§ ?
not-anger	Mies ei halua loukata ket√§√§n.
not-anger	Jos joutuisit pulaan, sinua olisi vaikea saada sielt√§ pois.
anger	Kovasti on poistettu / lukittu keskustelut ko. aiheesta netin sy√∂vereist√§?!
not-anger	Molemmissa on mahdoton toimia jos sattuu kuulumaan seksuaaliv√§hemmist√∂√∂n.
not-anger	Poika joutui ottamaan tukea ovesta jotta pysyisi pystyss√§ .
not-anger	Barley on liian hyv√§.
not-anger	Ei sille uskaltanut vastaan sanoa .
anger	H√§n sy√∂ksyi sinne lyijyputken kanssa, pelasti nahkasi ja nyt sin√§ kiell√§t h√§net h√§nen kuolleen ruumiinsa ylitse?
not-anger	Itkin koko matkan Kotokummun √§lyvapaavy√∂hykkeelle .
not-anger	Mutta sinun maailmasi ihmiset eiv√§t en√§√§ usko meihin.
anger	Luotan teihin, mutta tapahtui mit√§ vain... te ette tapa h√§nt√§, vaan min√§.
not-anger	Jumiudumme tilanteisiin , joissa tiedostamme oman tyytym√§tt√∂myytemme , mutta uskottelemme , ettemme voi hakea muutosta .
not-anger	Jos yksikin kiv√§√§ri laukeaa , niin te vastaatte siit√§ henkil√∂kohtaisesti semstvon edustajille
not-anger	Ihmiskilpin√§√§n yli 200.
not-anger	Jeesus, pastori, ei siihen.
anger	Jos et lopeta, k√§yt√§n loitsujani sinuun. Miksi tukit tieni?
not-anger	42 prosenttia uskoo , ett√§ inflaatio on suurin riski kehittyviss√§ talouksissa .
not-anger	SS : Kultakoruista ei makseta reilua hintaa
not-anger	H√§n ei ole hullu.
not-anger	Lys√§hdin huohottaen lattialle istumaan .
