not-joy	Haluat k√§nn√§t√§ ja rype√§ itses√§√§liss√§.
joy	Tuntuu mukavalta p√§√§st√§ taas hoitoty√∂n pariin . :)
joy	Ilo oli minun puolellani.
not-joy	Turkkilaiset kollegani suuresta Turkin kansalliskokouksesta harmittelevat samoin t√§t√§ ep√§kohtaa , nimitt√§in ett√§ kukaan ei halua ilmeisesti puhua heid√§n kanssaan , ei kansallisista hallituksista tai parlamenteista eik√§ my√∂sk√§√§n l√§hes kaikista eurooppalaisista instituutioista .
joy	Haluan sanoa, ett√§ olet tehnyt loistavaa ty√∂t√§.
joy	Hyv√§ kun muistutit, ett√§ Noin viikon uutiset ilmaantuu taas kuvioihinüòä
not-joy	Orpo ja Soini twiittaavat, ett√§ hallitusyhteisty√∂t√§ ei voida jatkaa.
joy	Moskova on kaunis kev√§√§ll√§.
not-joy	Musta ja Valkoinen haihtuvat keltaiseksi jauheeksi ja painuvat lattian alle .
joy	Itsetehdyt croissantit maistuvat ihanilta .
not-joy	Jos sinusta tulee joskus sankari, lupaan olla kunnollinen ihminen.
not-joy	Miksi te juotte kylm√§√§ kahvia?
not-joy	Minun pit√§isi k√§ytt√§√§ sit√§.
joy	Meille riitt√§√§, ett√§ pelastuit. Hyv√§ voittaa aina pahan.
not-joy	* 19. elokuuta 2009 : Demokraattien tappouhkauksia USA:ssa
joy	Kiitos, ett√§ olet syntynyt.
not-joy	Selvi√§n min√§kin jollei p√§√§ni l√§ts√§hd√§ asfalttiin tai jollei p√§√§ni muuten selvi√§ t√§st√§ emansipatorisesta pikku huppelistani .
not-joy	Valo-Filmin yritteli√§isyys ei saanut lehdist√∂ss√§ huomiota eik√§ kannustusta.
not-joy	Eih√§n t√§m√§ mit√§√§n haittaa.
not-joy	N√§ill√§ min√§ ainakin saattaisin puuttua peliin ja olisihan se silloin kiva n√§hd√§ tuollainen valtakirja.
not-joy	Nassau ja Suffolk ovat purkissa.
not-joy	Siin√§ se vika on!
joy	H√§n arvostaa minua suuresti.
not-joy	Et voi siirt√§√§ sit√§.
not-joy	@J__Kumpulainen @Veikkaus_fi @VelipekkaNummik Kiitos t√§st√§ keskustelusta.Olisi kyll√§ viel√§ kiinnostanut kuulla mielipiteesi siit√§, miten tilanne (peliongelma kokonaisuutena ml.pelihaitat eri muodoissaan ja eri kategorioiden peliongelmaisten lkm) on kehittynyt Suomessa.
not-joy	Ett√§ siit√§s saisin .
joy	Min√§ rakastin h√∂yryvetureita , niiden onkapannuja ja kaksiv√§rist√§ puhkua , jota ne ty√∂nsiv√§t ulos piipustaan .
not-joy	Kumpikaan ehdokkaista ei suostunut suoralta k√§delt√§ mainitsemaan , mit√§ muutoksia heid√§n hallitusohjelmaansa on teht√§v√§ vakavan talouskriisin johdosta .
joy	Hyv√§, ett√§ olet taas jaloillasi.
joy	ONNELLISTA JOULUA : )
not-joy	J√§rnefelt oli 1900-luvun vaihteessa huomattavin suomalainen aatehistoriallinen kirjailija .
not-joy	Et pysty ajattelemaan vaimon p√§√§ll√§ asioita, kun et tied√§ kuin todenn√§k√∂isesti sen muunnellun totuuden.
not-joy	Olen nyt laskenut niill√§ 5 kertaa isoilla rinteill√§ ja vaiva on HIEMAN helpottanut, mutta ei kumminkaan t√§ysin kadonnut.
not-joy	Usko Jumalaan on ihmisen normaali ja terve el√§m√§nasenne.
joy	Kaikki hyvin he ovat poissa.
joy	Ihanan raikkaan makuista oli ja helppoa ja nopeaa tehd√§ .
joy	Se on henke√§salpaava n√§ky.
not-joy	Kasvu ei saa j√§√§d√§ kiinni oikeanlaisen koulutuksen puutteesta.
not-joy	Ei muuta kuin vatsa t√§yteen, niin heti ollaan niin rakastajaa.
not-joy	Sun t√§ytyy ruveta terveeksi.
not-joy	Jos ammut, joudut hirteen murhasta.
joy	Aivan ihana idea koristella liivi vetoketjuilla noin !
not-joy	Sit√§ paitsi jo nyt jaetaan jokaiselle rahaa vastikkeetta sen verran, ett√§ sill√§ pystyy hankkimaan duunari-mersun http://www.veho.fi/fi/uudetautot/mercedes-benz/Sivut/Uusi-C-sarja-sedan.aspx, jos tahtoo.
not-joy	Ja jos vaihdat julkaisualustaa, anna ihmeess√§ uuden nettikotisi osoite.
not-joy	Emmek√∂ voi loihtia toimistoa pois?
not-joy	Pelaamaanhan t√§nne on tultu.
not-joy	Tosiaan , nyt kun tarkemmin ajattelen , en todellakaan tied√§ miksi sen ostin .
not-joy	Nykyaika on ihmiselle aika vaikea paikka el√§√§.
joy	Olen iloinen, ett√§ tulit, Max.
not-joy	Suomessa tosin aukeaa jatkuvasti uusia panimoita ja olemassaolevien laatu ei merkitt√§v√§sti parane. https://t.co/JdTqk5Asdq
joy	Haluaisin kiitt√§√§ miest√§, joka teki t√§st√§ totta ja sai minut uskomaan onnistumiseen.
joy	Olit muuten aika n√§pp√§r√§ siell√§ t√§n√§√§n, pikkuiseni.
joy	H√§n saa minut j√§lleen hymyilem√§√§n .
joy	Juhla-ajan terveiset, rouva Balboa.
joy	M√§ sain takkini takaisin!
joy	Olen iloinen, ett√§ tulit, silloin kun tuli.
not-joy	Saako olla juotavaa, herrat?
joy	Eik√∂ olekin upea nainen?
not-joy	Viel√§ Moisander ja Jordi Alba tuohon oheen niin on √§√§rimm√§isen tiukka puolustuslinja.
not-joy	Tee niin kuin h√§n sanoo.
not-joy	Sill√§ on varmaan kirppuja.
joy	Hyv√§ Luoja, mik√§ onni, ett√§ sain Marian l√§htem√§√§n!
not-joy	Huomasin itsekin ett√§ kumpikaan n√§ytt√∂ ei ole oikein sit√§ mit√§ etsin.
joy	Mik√§√§n ei ole ihanampaa kuin leikkiv√§t lapset ja heid√§n naurunsa.
not-joy	Kirjan Taistelu sosiaaliturvasta - Ammattiyhdistysv√§en toiminta sosiaaliturvan puolesta 1957-1963 mukaan ty√∂nantajian asiaa ajanut oikeisto on vastustanut sosiaaliturvan kehitt√§mist√§ .
not-joy	Valoista voisi olla kanssa hy√∂ty√§.
not-joy	‚Äì On t√§rke√§√§ , ett√§ miehet tuomittiin vahingonkorvauksiin paitsi seksin myyntiin pakottamisen naiselle aiheuttamasta traumasta , my√∂s h√§nen ihmisarvonsa loukkaamisesta .
joy	Hyv√§√§ ty√∂t√§ laajalla rintamalla oikean asian puolesta kiitos @Tiilikainen @CEPFSecretariat @mmm_fi turnauskest√§vyytt√§ tarvitaan viel√§, p√§√§tyyn asti https://t.co/JmUAcUl598
not-joy	Sit√§ paitsi mamuja on turha syytt√§√§, ett√§ heit√§ jotenkin erityisesti suosittaisiin yhteiskunnan rahanjaossa, he saavat aivan samat kuin me suomalaisetkin.
joy	Piristyn saatuani puoli mukillista kitker√§√§ , mustaa kahvia .
joy	Pid√§n h√§nen seurastaan ja h√§nen ajattelemisestaan.
joy	Mukavaa, ett√§ kerroitte sen.
not-joy	Olet kyll√§ ihme sekottaja.
joy	Ja ehk√§ pakastesushia , nam ! <3
not-joy	Sinusta on huhuttu jo pari vuotta.
not-joy	Olet parempi l√§√§k√§ri kuin kenraali.
joy	Me voidaan tehd√§ mit√§ vaan ja se todella on mit√§ vaan .
not-joy	Se on vain valokuva.
joy	Halusin yhdist√§√§ sek√§ opiskelun , maailmankatsomuksen avartamisen ja matkustelun ja n√§in ollen Bali oli t√§h√§n tarkoitukseen t√§ydellinen paikka !
not-joy	Siksik√∂ vihaat heit√§ niin paljon?
not-joy	Penttil√§ suunnitteli my√∂s tiukan rationaalisia rakennuksia , muun muassa Helsingin Hanasaari B -voimalaitoksen , joka on saanut ammattipiireiss√§ arvostusta alusta l√§htien .
joy	Hauskaa vappua !
joy	Tulkaa katsomaan, kuka tuli!
not-joy	Se varmaan on mummoista kiva kun terveyskeskuksen puhelimeen vastaa "ei ummarra, ei puhu soome, puhu bangladesh".
not-joy	Ne kepin puslat olisi hyv√§ vaihtaa edes 500tkm v√§lein v√§hint√§√§n, mielell√§√§n useammin niin ei keppi heilu aivan hulluna, ainakin ennen motonetist√§ saanu puslia muutamalla eurolla ja kuulemma marmoritiskilt√§k√§√§n maksa kaikki kepin alap√§√§n hilut ku parikymppi√§.
joy	Mutta kun me suutelimme - tunsin oloni l√§mpim√§ksi.
not-joy	Nopea ajelu, ja tulemme takaisin.
not-joy	Olin siis l√§htenyt mukaan keskusteluun, jota en nyt varsinaisesti kaivannut t√§ss√§ tilanteessa.
joy	T√§ydellinen p√§iv√§ nurtsilla makoilulle !
not-joy	nekinh√§n on ratkottavissa .
joy	Sattuipa sopivasti ett√§ kyseinen runko on juuri oikean kokoinen.
not-joy	Kai h√§n osaisi jotain laukaista ett√§ t√§m√§ hullunmylly loppuisi.
joy	Toiveloma
joy	Yksi asia on kuitenkin varmaa : tulet kokemaan luultavasti yhden el√§m√§si parhaimmista hetkist√§si vaihto-opiskelua suorittaessasi .
joy	H√§n on suurenmoinen mies.
not-joy	Keula-ankkuri on t√§ysin oleellinen varuste matkapursissa, joilla tehd√§√§n pitki√§ reissuja.
joy	Se on niin kaunista.
not-joy	En ehtinyt hyv√§stelem√§√§n sinua Georgen juhlissa.
not-joy	Palstalla sanotut ovat hajuammuntoja randomeille.
not-joy	Nancy, se on ohi.
joy	Hyv√§, ett√§ olet tukenani, Kate.
joy	Kertokaa terveisi√§ ihastuttavalle vaimollenne.
not-joy	T√§m√§ aiheutti Thomille autofobian ja kaikuja t√§st√§ voidaan kuulla Radioheadin kappaleissa " Airbag " , " Killer Cars " , ja " Stupid Car " .
not-joy	Dingon vahvistamaton paluu her√§tt√§√§ tutkijassa ep√§ilyj√§: "Comebackeilla on harvoin jatkuvuutta" https://t.co/Ugmo3foMcp #uutisvahti #Dingo
not-joy	Rajansa minunkin r√∂yhkeydell√§ni .
joy	Olen toki puolueellinen, mutta h√§n on mielest√§ni sangen suloinen neiti.
joy	OIKEIN MUKAVAA JA MAKOISAA VAPPUA KAIKILLE BLOGISSANI PIIPAHTAVILLE .
joy	Tuo on paljon parempi.
joy	Minusta sin√§ olet s√∂p√∂.
not-joy	P√§√§stiin niin saakelin l√§helle!
not-joy	Ihmeellist√§ , ett√§ pari vuotta sitten rakastin tasaista tunnusmerkit√∂nt√§ ( p√§√§sykoekirjojen kieli tunkee vahingossakin sanastooni ) rintakeh√§√§ni , mutta nyt toivoisin edes yhden ihmisen kiinnitt√§v√§n huomiota siihen , ettei minulla ole rintaliivej√§ .
joy	On ihanaa, kun on n√§in l√§mmint√§.
joy	T√§m√§ on todella hauskaa.
joy	Kun yksi asia sujui mainiosti , tuntui ett√§ kaikki muukin eteni jouhevasti .
not-joy	Tiet√§√§k√∂ h√§n ett√§ t√§√§ll√§ ei saa polttaa?
not-joy	Joten se on heid√§n aarteensa ei meid√§n.
not-joy	H√§n vaikutti mukavalta hepulta.
not-joy	Sherrie Bourg Carterin mukaan ell√§ olevat viisi ohjetta voivat n√§ytt√§√§ yksinkertaisilta , mutta h√§n kirjoittaa niiden oikeasti vaativan harjoitusta .
joy	Jouluateria , jonka nautin maanantaina , oli todellinen nautinto .
joy	T√§m√§ on todella kiltti√§ teilt√§, herra Harrison.
not-joy	Zholdakin oma vastaus kysymykseen tuntuu olevan my√∂nteinen.
not-joy	Muutenhan on poikamiehen el√§m√§ pelkk√§√§ Kurtturuusua.
joy	Kim, katso t√§t√§ ihanaa simpukankuorta!
not-joy	Sinun pit√§isi menn√§ lep√§√§m√§√§n Sardiniaan.
joy	Koira nuuskutti innoissaan hankien merkitt√§vi√§ tuoksuja , min√§ katselin puisia omakotitaloja ja pupu haaveili omasta pikkuruisesta pihasta .
joy	Sis√§ll√§ voivat kaltaiseni vilukissat k√§√§riyty√§ peittoihin ja nauttia kuumaa juotavaa . :)
not-joy	H√§rk√∂nen arvioi , ett√§ piispankokouksen lopullinen p√§√§t√∂s tulee olemaan toimituskielto , jonka aikana Repo ei saa toimittaa palveluksia eik√§ k√§ytt√§√§ viittaa .
joy	Minusta k√Ωnttil√§nvalo on niin romanttista.
joy	Siksi meill√§ on aina j√§lkeenp√§in niin mukavaa.
not-joy	Se loinen asuu varmaan autossaan.
joy	Olemme taas olleet kilttej√§ hoitajia , mit√§ ilmeisimmin . :)
joy	H√§n on ihana pikkumies.
joy	Luoja, miten hyv√§ss√§ kunnossa se on.
joy	Rakastan sinua Adam, Alex, Peter, Brian tai mik√§ nimesi ikin√§ onkaan!
joy	hienoa
joy	Mutta ihanaa p√§√§st√§ lomalle ja n√§hd√§ perhett√§ , poikayst√§v√§√§ ja yst√§vi√§ .
joy	Ilo on minun puolellani.
not-joy	- luuston terveydest√§ ei ole pienint√§k√§√§n ennakkok√§sityst√§.
not-joy	‚ÄùEt. Painu v***uun‚Äù, sanoi mies ja jatkoin matkaa. #auttaminen #l√§himm√§isyys
not-joy	Kuljetko sin√§ usein junalla?
not-joy	Auta Liesli√§ kyt√§n kanssa, - ja l√§hde autollasi pois t√§√§lt√§.
not-joy	Nopeilla kameroilla v√§lkkymisen huomaa , mutta eih√§n niit√§ n√§ytt√∂j√§ tarvitse kameroilla kuvailla .
not-joy	P√§√§see aina kuin koira ver√§j√§st√§.
joy	Syd√§meni on niin t√§ynn√§ rakkautta sinua kohtaan...
not-joy	Se on rillit, pallit, lompakko ja kello.
not-joy	SMC: th√§n on LC4 koneisia, aikamoisia matkalehmi√§ siis.
joy	On ihanaa saada sinut takaisin.
not-joy	Senaatti ei jaksanut setvi√§ asiaa sen kummemmin , vaan m√§√§r√§si Mithridateen j√§tt√§m√§√§n Kappadokian ja ‚Äì ehk√§ yll√§tt√§en ‚Äì my√∂s Nikomedeen j√§tt√§m√§√§n Paflagonian .
joy	Itse asiassa sen j√§lkeen l√∂ytyy aivan uusi energia sille tekemiselle , jonka tavaranpaljous on aiemmin tukahduttanut ! : )
joy	Miten nauroinkaan kun n√§in teid√§t Kikin√§.
joy	Minusta se oli TODELLA hyv√§ kirja!
joy	Hyv√§ss√§ ty√∂yhteis√∂ss√§ tuntee olevansa oikein hyv√§ ihmiseksi , onpa lihava tai laiha .
not-joy	Yrit√§mme vain luoda onnellisen maailman.
joy	Kiva p√§iv√§ oli maalla olla ja tehd√§ piha siivous hommia yms sek√§ pesin autokin ja nyt py√∂r√§lenkilt√§ kauppaan k√§ym√§√§n .#kes√§touhut #maaseutu #ajankulu #puutarha
joy	Matkaradiossa alkaa soida Devon Gut Feeling , siin√§ vasta kes√§biisi !
not-joy	Minun is√§ni oli kolmannen valtaamani yrityksen toimitusjohtaja.
joy	Siin√§ on hieno sointi.
not-joy	Vaikka kaikki Faces'in j√§senet osallistuivat( t√§ss√§ vaiheessa) my√∂s Every Picture Tells A Storyn √§√§nityksiin, on se silti leimallisesti soololevy, jossa b√§ndin teht√§v√§ on s√§est√§√§ vokalistia.
joy	Teill√§ on mukava poika, madame.
not-joy	Meill√§ ei ole toimivaltaa tietokoneeseen.
not-joy	Saamme sopimuksen 1 0 h√§vitt√§j√§st√§.
not-joy	Luomuun siirryt√§√§n nimenomaan yhteiskunnan tahdosta ja tuet ei viljelij√§√§ hy√∂dyt√§ vaan kuluttajaa..
not-joy	‚Äì Sit√§ en tied√§ , katseliko ryss√§n vakooja toimiani tai veik√∂ salakuljettaja j√§t√∂kset ryss√§npuolelle .
not-joy	Ensi viikolla olisi l√§ht√∂ Khao Lakiin, joten toivotaan ett√§ sadekausi olisi jo ohi.
not-joy	Lopuksi haluaisin todeta ja painottaa sit√§ , miten suuren merkityksen olen mietinn√∂ss√§ halunnut antaa mahdollisille muille kuin kaupallisille k√§ytt√∂tarkoituksille , joita takavarikoiduille tavaroille voidaan l√∂yt√§√§ .
not-joy	- T√§ss√§ s√§√§ss√§ eiv√§t kulje kuin kruunun miehet , salakuljettajat ja ryss√§n vakoojat .
joy	En ole n√§hnyt koskaan mit√§√§n kauniimpaa kuin te.
not-joy	Minulla on sinulle jotain muuta.
joy	Kaikki on niin ihanaa.
joy	T√§t√§ on ilo lukea ja varsinkin kepulaisten j√§√§rien kommentit on suorastaan herkkua!
joy	Kiva n√§hd√§, ett√§ olet palannut.
not-joy	Toiseksi voimme hyv√§ksy√§ tarkistuksen 11 , jossa k√§sitell√§√§n kausiluonteisista satamista laadittavan luettelon tarkistamista nykyist√§ harvemmin , sek√§ tarkistukset 5 ja 27 , joissa annetaan esimerkkej√§ kalliista investoinneista irtaimeen omaisuuteen , jota voidaan verrata kiinte√§√§n omaisuuteen silloin kun kyse on kuoletuksista ja j√§√§nn√∂skustannuksista .
not-joy	Kyll√§ se voidaan tehd√§.
not-joy	@LeenaViikari @vpvuori Oikeasti alakouluik√§isten ryhm√§t ovat kaikista haastavimpia.
not-joy	Kuvittele paikkaa silloin, kun sotalaiva Aurora ampui laukauksen, joka merkitsi vallankumouksen alkua.
not-joy	Minulle tulee kova ik√§v√§ sinua.
not-joy	"Kassila ryhtyy ennen loppua tosikoksi", kirjoitti M. Sirn√∂ (H√§meen Yhteisty√∂ 9.9.1962).
not-joy	Maailmanpoliittisista syist√§ huomiota her√§tti Iranin voitto Yhdysvalloista .
joy	Perjantai! Ensin ahkeraa opiskelua ja illalla Se! üòç #Opiskelijael√§m√§ #Biorex #ITMovie
joy	Meill√§ on ollut hauskaa.
not-joy	Kaksi vuotta my√∂hemmin h√§net pestattiin kapteenina lennoston tiedustelujoukkoihin.
not-joy	Ja itseasiassa colaa en ole pahmmin sen j√§lkeen juonut..
not-joy	Ei, emme saisi sponsoreita.
joy	Min√§ todellakin rakastan h√§nt√§.
joy	Lounasseuran lis√§ksi iloitsimme mahtavasta ranskalaistyylisest√§ lounaasta .
joy	Porun h√§lvetty√§ on kuitenkin mukava todeta, ett√§ hyv√§√§ kannatti odottaa.
joy	Ole huoleti, Kyll√§ sin√§ kasvat.
not-joy	Ei siell√§ suostuta kaikenlaisten sananvapautta rajoittavien hallintojen pyrkimyksiin urkkia kansalaisiaan. https://t.co/nkPVIEHopg
not-joy	JYP otti tylysti kuokkaan Sveitsiss√§ (https://t.co/FvYPT0PMME) https://t.co/4AgZjfRQpS
not-joy	Tarjoan teille tilaisuutta t√§m√§n h√§vi√§j√§n imagon karistamiseen.
not-joy	Joka p√§iv√§ s√§ opit jotain uutta ja m√§ unohdan jotain uutta.
not-joy	Minulla on piha t√§ynn√§ kamaa jota voit korjata.
not-joy	Tutkinto saatetaan mielt√§√§ samantasoiseksi AMK-perustutkinnon kanssa .
not-joy	Koliikki lapset ovat taas IHAN eriasia.
not-joy	Anna, kun n√§yt√§n Hopeakaupungin n√§ht√§vyyksi√§.
joy	Tukiaisen Some day biisi on hyv√§.
joy	Hyv√§, ett√§ n√§in t√§m√§n, ennen kuin kuolen sukupuuttoon.
joy	N√§ytt√§√§ silt√§, ett√§ meid√§n onnemme on viimeinkin k√§√§ntynyt.
joy	Diz, olet hauska pakkaus.
not-joy	Mikko K√§rn√§ silminn√§hden huolestuneen & √§rsyyntyneen n√§k√∂isen√§ thain kielen tunneilla, kuultuaan ett√§ Maman kananuudeleissa ei ole mit√§√§n el√§inper√§ist√§
joy	Poikani, j√§lleenn√§kemisesi saa syd√§meni kohoamaan kuin haukka.
not-joy	Ostin kirja ulosmyynnist√§ joskua maksoi 4 ‚Ç¨ luin vaun A veri ryhm√§n ja todella huu haa.
not-joy	H√§n on oikea pikku herrasmies.
not-joy	Mutta tosiaan toivon, ett√§ jotain tutkitaan seuraavan l√§√§k√§rik√§ynnin j√§lkeen.
not-joy	Pid√§ niist√§ hyv√§√§ huolta.
not-joy	Tarkoituksena on tietenkin - toivottavasti ker√§t√§ 20 000 dollaria kampanjaani.
joy	Ai ku kiva !
not-joy	Heti kun m√§ saan rahaa menen Miamiin.
not-joy	Toinen heist√§ on t√§ysin kuutamolla ja toinen on fiksuista fiksuin.
not-joy	Kun harjoitan sormin√§pp√§ryytt√§, niin se vaikuttaa aivotoimintaani.
joy	AAAH n√§√§n antin kirsin kans t√§n√§√§ LIT
joy	Saamme siis n√§ill√§ n√§kymin ehk√§ valkean joulun !
joy	Kaunein, mit√§ kuvitella saattaa.
joy	Mutta ett√§ kotona on siis kivaa .
not-joy	Jokaisen maan pit√§isi toteuttaa toimenpiteit√§ suojautuakseen aggressiiviselta viennilt√§ tarkastamalla ja valvomalla tuontituotteita j√§rjestelm√§llisesti ja soveltamalla tarvittaessa suojalausekkeita .
not-joy	Nuorena saatu p√§√§h√§npinttym√§ voi olla todellinen ongelma ja haitata normaalia el√§m√§√§.
joy	Tied√§n nyt ensimm√§ist√§ kertaa, mit√§ haluan!
joy	Onnellisempia kuin ikin√§ ennen.
joy	Ulkona on niin kaunista.
not-joy	Bosia, pebaa vai masua?
joy	En haluaisi muuttaa mit√§√§n, kaikki on niin hienoa.
not-joy	T√§llaisissa tilanteissa yst√§vyys punnitaan . :)
not-joy	Niin kauan kun t√§m√§ patsas on t√§√§ll√§ puluilla on aina istumapaikka.
not-joy	@LindeVes @HMFlorestan @ppokkyla @jjmello En tied√§ ty√∂paikkoja, joissa ty√∂ntekij√§ voisi t√§llaiseen sortua, ja pit√§√§ ty√∂ns√§.
not-joy	...Aino-Kaisa Saarinen: "Mulla on se ajatus, ett√§ mun ura tulee p√§√§ttym√§√§n t√§h√§n kauteen.
not-joy	Mutta minun ei olisi tarvinnut huolehtia , sill√§ h√§n ei en√§√§ nostanut katsettaan minuun , siirteli vain jalkojaan pitkin hiekkaa ja katseli sit√§ melko lumoutuneena .
not-joy	On kansalaisten v√§h√§ttely√§ ajatella ett√§ juomisesta pid√§tt√§ytyminen on aina seurausta saatavuuden puutteesta, ja p√§invastoin.
joy	Peter Reynolds soitti ja onnitteli.
not-joy	Olen melko rentona nyt.
not-joy	Sisar Inviolata, miten pelaatte niin hyvin koripalloa?
not-joy	Ihan miten vaan.
not-joy	J√§sen Jarzembowski , komissio ymm√§rt√§√§ , ett√§ parlamentti on asiasta huolissaan .
joy	Minun mielest√§ni se kuvaa ihastuttavasti muodonmuutosta.
not-joy	Mutta enemp√§√§ en viitsi noin √§lyvapaalle tyypille vastailla.
not-joy	Suosittelen l√§mpim√§sti kuitenkin hy√∂dynt√§m√§√§n tilaisuutta matkustella sill√§ hyvi√§ matkakohteita ovat mm. Australia , Malesia , Thaimaa , Vietnam , Singapore ja Kiina .
joy	Mukava n√§hd√§ teit√§ taas, mr Strom.
joy	Kiitos kukista ja kaikesta muustakin.
not-joy	H√§n tunsi Tymppiksen todellisen luonnon, sen Tymppiksen, joka piileskeli tuon hirmuisen muskelikuoren takana.
not-joy	J-a N-nen puolestaan antoi tunnustusta esimerkiksi elokuvakriitikkokohtauksille.
joy	Olemme olleet onnellisia t√§√§ll√§.
joy	Kaunis ja aivan ihana musiikki kruunaa aamun kauneuden Nupit kaakkoon http://www.youtube.com/watch?v=MUGDJtN50Gk&feature=related
joy	Ja olemme nyt kauniita.
joy	Ihana aamu, aurinko paistaa ja linnut laulaa.
joy	Kyll√§p√§ se on hieno.
joy	hyvill√§ mielin
not-joy	Oppimisp√§iv√§kirjan kirjoittaminen aiheutti hajoilua , jota kuvastaa parhaiten parivaljakkomme p√§iv√§kirjaan kirjoittamat nimet : ‚Äù mies Simo Kauhala , huomaa syrjiv√§ etuliite ‚Äù ja ‚Äù J. Rajaj√§rvi ‚Äù h√§peillen miehek√§st√§ etunime√§√§n .
not-joy	Tutkinnon suorittaneiden is√§nn√∂itsij√∂iden ammattitaidon voidaan arvioida olevan parempi kuin muun ammattikoulutuksen suorittaneiden .
joy	On hyv√§ olla taas Manhattanilla,
joy	Koti on siell√§ miss√§ sin√§kin olet
joy	Ei vitsit suomalainen kouluruoka on hyv√§√§ !
not-joy	Kuka opetti sinut hymyilem√§√§n?
not-joy	√Ñiti teki aina noin.
joy	On hauska n√§hd√§ taas.
not-joy	Kannattaa ilman muuta korjauttaa.
not-joy	Mit√§ ihmett√§ sin√§ muuten teet t√§√§ll√§?
joy	Mik√§ p√§iv√§! Mik√§ mahtava p√§iv√§!
joy	Voi jumpe, en ole ennen k√§ynyt sirkuksessa.
not-joy	Joka p√§iv√§ paljastuu jotakin uutta, kun porvaripuolueiden aarrearkkua Kehittyvien Maakuntien Suomi ry:t√§ ja muita kas√∂√∂reit√§ selvitell√§√§n.
not-joy	Niinp√§ halusin √§√§nest√§√§ mietinn√∂n puolesta , mutta minulle her√§sikin ep√§ilys .
not-joy	Lumisade t√§ytt√§√§ taivaan j√§√§tyneen j√§rven yll√§.
joy	Ja niin olen tehnytkin ! :)
joy	Minusta se oli hauska ja seksik√§s.
not-joy	Ei Ari ole sill√§ tavalla hyv√§nn√§k√∂inen, en olisis kiinnitt√§nyt siihen varmaan mit√§√§n huomiota jos olisi pari kuukautta sitten tullut kadulla vastaan.
joy	Rakastettuni antoi sen minulle.
not-joy	K√§y ty√∂l√§√§ksi.
not-joy	Aiheellinen kysymys tosiaan.
joy	Al Reilly, hauska tavata.
not-joy	En voi kielt√§√§ , ettenk√∂ jollain tasoilla HIEMAN pohtisi p√§ivien hupenemista , mutta se v√§h√§ist√§ ja h√§iritsem√§t√∂nt√§ .
not-joy	On kuitenkin s√§√§li, jos meill√§ hukataan hyv√§ tilaisuus pys√§hty√§ ja oivaltaa, ett√§ t√§ss√§ on mahdollisuus muuttaa maailmaa.
not-joy	Ja t√§st√§ seuraa helposti , ett√§ katsoja on se , joka menee riman alta uskollisena taiteen pyh√§inj√§√§nn√∂ksille .
not-joy	Kyse on el√§m√§st√§ ja kuolemasta.
joy	Elelen siis omassa viihtyis√§ss√§ tyytyv√§isyyden maailmassani.
not-joy	Keskolla taas bisnekset eiv√§t oikein luista, mutta kova kulukuuri on pit√§nyt voitot kohtuullisina ja osingoista on my√∂s pidetty huoli.
not-joy	Toimintatavat kaipaavat uudistamista. https://t.co/Al7N5S8vZ2
joy	Olet tehnyt hienon ty√∂n, poika.
not-joy	Lukekaa, mit√§ kriitikot kirjoittavat.
joy	T√§m√§ on varmaan hienoin p√§iv√§, jonka olen kokenut.
not-joy	H√§n oli yksi morsiusneidoistani.
joy	Havanna on juuri nyt parhaimmillaan.
not-joy	Onko t√§m√§ kaidalla polulla?
not-joy	Veroj√§rjestelm√§n muotoilu , ty√∂markkinoita koskevat oikeudelliset s√§√§nn√∂t ja rakenteet hyvin laajasti ottaen ovat ratkaisevia kasvulle , ty√∂llisyydelle ja kilpailukyvylle .
not-joy	Miksi h√§n √§√§ntelee kummasti?
joy	Seh√§n on hyv√§ ajatus.
joy	On aina hauskaa tavata kirjailija.
not-joy	M√§ n√§en sen viel√§, vaikka sokeutuisin.
not-joy	N√§yt√§ is√§lle muutama temppu.
joy	Muista, is√§ rakastaa sua.
not-joy	H√§nell√§ ei ole saumaakaan!
not-joy	Integraatio tulee olemaan niin t√§ydellist√§ , ett√§ vauraampien maiden veronmaksajien odotetaan maksavan heikkojen ja ep√§onnistuvien EU-maiden hyvinvointij√§rjestelm√§t ja el√§kerahastot , h√§n kirjoittaa .
joy	N√§m√§ olivat mielest√§ni eritt√§in mielenkiintoisia !
joy	T√§m√§ on hieno ty√∂.
joy	Vihdoin sen taitaa tapahtua : valo .
not-joy	Ihan kuin heill√§ ei olisi p√§iv√§tymp√§√§kin bimboa iskett√§v√§n√§ .
not-joy	N√§iden seuraamusten olisi oltava tehokkaita , oikeasuhteisia ja varoittavia .
joy	Miten voin ikin√§ kiitt√§√§ teit√§?
not-joy	Bachelor-Joni kuvausten rankkuudesta: ‚ÄùPari kertaa olin k√§vell√§ mereen‚Äù...
not-joy	Noista viritysohjelmista ei yleens√§ muutenkaan ole juuri apua.
joy	Onneksi talvi on yh√§ kaukana
joy	T√§ydellinen p√§iv√§ aamiaiselle ja sunnuntailehdelle.
joy	oon niin innoissani t√§st√§ tulee oikeesti ees jotenki hyv√§ ja parempi ku viimeks
not-joy	Monia avioeroja on saatu aikaan liialla tohvelilla ja kiltteilyll√§.
joy	Nyt viisikymppisen√§ olen kiitollinen el√§m√§lle .
joy	Se oli hemmetin hienoa.
not-joy	Jos tuolla on niin kaunista, miksi...
joy	T√§m√§ on ollut hienoa aikaa , ja olen tuntenut tekev√§ni t√§rke√§√§ ty√∂t√§ joka p√§iv√§ , pelk√§st√§√§n jo senkin takia , ett√§ olen saanut paljon eri maita ja eri puolueita edustavia yst√§vi√§ , jotka ymm√§rt√§v√§t Euroopan t√§rkeyden ja sen teht√§v√§n tulevina vuosina .
joy	Olin rakastunut lapseen, jota kannan.
not-joy	Ihan helvetin suosittu, hyv√§ ajaa, paljon myyty, halpa.
not-joy	Aamu on aika kirpe√§.
not-joy	Olen ajatellut, ett√§ ehk√§ juuri saha pit√§√§ sinut poissa minun ja Bonnien luota.
not-joy	Et ehdi nauttia siit√§. Palaamme t√§n√§ iltana.
not-joy	' Vittu m√§ tapan teid√§t kaikki , niist√§n joka ikisen '
joy	Juokseminen on nautinto
not-joy	Emme saa menett√§√§ toivoa, Toni.
not-joy	En halua myoh√§sty√§ lennolta.
joy	Siit√§ huolimatta unohdan √§idin ja keskustelun melkein tunniksi : tapaan kotini edess√§ vanhan yst√§v√§n ja rupattelen h√§nen kanssaan mukavia , h√§nen kaverinsa tarjoaa omenan ja rouskuttelen sit√§ kiivetess√§ni rappusia yl√∂s , valmistan itselleni t√§ydellisen aterian ja nautin sen kynttil√§nvalossa , rakastan p√§iv√§ll√§ ostamaani uutta levy√§ ja ajattelen p√§iv√§ni olevan t√§ydellinen .
joy	Niist√§ syntyy onni vuoden jokaisena p√§iv√§n√§ .
not-joy	Pirkanmaalta etsin enk√§ haluaisi tilata netist√§ jos joudunkin odottelemaan yll√§tt√§v√§n kauan.
not-joy	√Öbo Akademin professori arvostelijoilleen: ‚ÄùVoin #professorin arvoon nojaten todeta: Haistakaa p**ka‚Äù https://t.co/nKasEPwsNO https://t.co/3pYkOYs9T0
joy	Onks mit√§√§n s√∂p√∂mp√§√§ ku rekat ilman vaunuja.
joy	En ole koskaan ollut onnellisempi.
not-joy	Eik√∂ t√§√§ll√§ ole hyv√§ olla?
not-joy	Itse asiassa odotan , ett√§ valvontajakson p√§√§ttyess√§ p√§√§sen siivouksen ja leipomisen pariin . :)
not-joy	@markkuilmari @veroekonomisti @veroekonomisti arvioi veronkorotusten inflaatiovaikutukset ainakin tammikuussa viel√§ maltillisiksi: https://t.co/6BJarpr9v2
not-joy	√Ñl√§ nyt, on joulukin.
not-joy	Vihaan h√§nt√§ ihan saatanasti!
not-joy	Essoten mukaan palveluita i√§kk√§ille on saatava kiireesti lis√§√§.
joy	‚Äù Ruokaa niin paljon , ettei sit√§ ehdi sy√∂d√§ , ja l√§mp√∂√§ vuodet l√§peens√§ . ‚Äù
not-joy	s√§hk√∂tulostaulut ja tiedot meniv√§t bulgarialaisilta yli ymm√§rryksen .
not-joy	Ovatko naiset siis todella mustasukkaisia toisistaan , vaan yritt√§v√§tk√∂ he vain selvit√§ kuolaavien k√§pyaivojensa kanssa minimaalisella h√§pe√§n m√§√§r√§ll√§ ?
not-joy	H√§n haluaa leikki√§ ulkona.
not-joy	H√§nt√§ taisi inhottaa kaikki takapuoleen t√∂kkiminen mit√§ t√§√§ll√§ tapahtui.
not-joy	Se riitt√§√§ ehk√§ kilpailun voittoon.
not-joy	Ja Lapsellinen Keisarinna tulee olemaan ikuisesti pois.
joy	Luulen, ett√§ olemme l√∂yt√§neet itsens√§ enkelin.
joy	T√§m√§ on aivan upea juna.
joy	Se on onnellinen tapahtuma.
joy	Prince on tosi mahtava.
not-joy	Rocky, huhutaan ruumiillisista komplikaatioista.
joy	Juuri tuon takia min√§ rakastan sinua!
not-joy	"Ekke ei ole mik√§√§n sex-poika, ja sellaista t√§ss√§ olisi tarvittu", arvioi Valma Kivitie.
joy	Se on vuoden paras uutinen.
joy	H√§n odotti niin innokkaasti √§itins√§ vierailua.
not-joy	TEM:n mukaan viranomaiset lis√§siv√§t ty√∂llist√§mistoimien m√§√§r√§√§ ty√∂tt√∂myyden kasvuun n√§hden liian v√§h√§n , mik√§ on sittemmin lis√§nnyt pitk√§aikaisty√∂tt√∂myytt√§ .
joy	Voimme yht√§ hyvin pit√§√§ hauskaa.
not-joy	Puhuimme ensi kerran Dublinin hevosn√§yttelyss√§.
not-joy	Okei mut onks t√§s joku pointti #24KinHelsinki
not-joy	- En min√§ sinua arkkuun ole laittamassakaan , auta siirt√§m√§√§n sit√§ .
joy	On my√∂s kaunis niin!
joy	#yksiniist√§ kiitt√§√§ sis√§ilmaltaan puhtaasta m√∂kkiviikonlopusta upeassa seurassa!
not-joy	Kummastus levisi koko h√§nen kehoonsa , ja h√§nen oli salaa p√∂yd√§n alla nipistett√§v√§ itse√§√§n todetakseen , ett√§ oli hereill√§ .
not-joy	Novellit ovat saaneet kiitosta muun muassa Suomen fantasiakirjallisuuden ja science fictionin harrastajilta: kolme kokoelman novellista on saanut alan oman Atorox-palkinnon, nelj√§ on tullut toiseksi.
not-joy	Mahtaa essonbaarinmi√§st√§ harmittaa, kun et 6 vuodessa onnistunut l√∂yt√§m√§√§n essonbaaria, jossa olisit saanut vahvistusta uskollesi.
not-joy	Ensin he nauravat ja suutelevat, sitten huutavat ja ly√∂v√§t toisiaan.
not-joy	Juha Nevalainen (Ilta-Sanomat 28.11.1953) luonnehti teosta auttamattoman tyhj√§ksi ja keinotekoisen venytetyksi.
joy	T√§m√§ on onnen p√§iv√§.
joy	Oma koti kullan kallis.
not-joy	T√§m√§ on iso juttu. Puhu vain minun kanssani.
not-joy	Simbergin Halla on aina yht√§ hyyt√§v√§ kokemus kuin my√∂s Rissasen Is√§n kuolema .
joy	Meill√§ oli oikein mukavaa .
joy	Se vasta oli upeaa!
not-joy	On tietenkin hyv√§ , ett√§ nainen luottaa pystyv√§ns√§ tyydytt√§m√§√§n miehen , mutta kuten kaikissa kehittyneiss√§ parisuhdetaidoissa , kaikkein taitavimmin nainen tuottaa miehelle tyydytyksen auttamalla miest√§ onnistumaan naisen itsens√§ tyydytt√§misess√§ . ‚Äù
not-joy	Ja kun mr Lewis l√§htee, teit√§ ei en√§√§ n√§hd√§ t√§ss√§ hotellissa.
not-joy	Juha Itkonen oikaisee t√§n√§√§n Relanderin blogin kommenttilootassa itse√§√§n koskevat v√§itteet:
not-joy	@PiaWaisto Ett√§ kun sen j√§rjen pit√§√§ sotkea hyv√§t jutut.
not-joy	En min√§k√§√§n sinua. Miksi veit hevoseni?
not-joy	Mainossemiootikko Vaula Norrena kertoo koiran lis√§√§v√§n tehokkaasti mainoksen huomioarvoa
not-joy	Mit√§ aiot tehd√§ seuraavaksi?
not-joy	K√§dett√∂m√§t kuninkaat avaa hyyt√§v√§sti sen miksi ja kenen v√§likappaleina t√§√§ll√§ el√§mme, novellissa Me vakuutamme mainostoimiston copy huomaa toimivansa ty√∂ss√§√§n jonkin suuremman maailmanj√§rjestyksen ja myytin tahdottomana palvelijana.
not-joy	H√§nt√§ vain huimasi v√§h√§n.
not-joy	Tunnistan huutajan naapurin perheen√§idiksi , joka kiljuu kauhistuksesta n√§hdess√§√§n murskaantuneet jalkani .
not-joy	Joka tapauksessa, Nylanderin mukaan ruotsinkieliset ovat riippuvaisia siit√§ ett√§ ei-ruotsinkieliset opiskelevat heid√§n kielt√§√§n v√§hint√§√§n sen muutaman vuoden ajan.
not-joy	Palkansaajat joutuvat kuulemaan yh√§ huolestuttavampia kannanottoja ty√∂antajaleirist√§.
joy	mahtavia musamuistoja 
not-joy	Eik√∂h√§n oteta viel√§ toiset .
not-joy	Lopullinen ja kaiken kattava lista.
not-joy	sun kavereiden pit√§is opetelle pit√§√§n asioita k√§siss√§ eik√§ viiskoo niit ymp√§riins√§.
not-joy	Kest√§tk√∂ katsoa totuutta silmiin?
not-joy	Me kaikki kasvoimme niiss√§.
joy	H√§nen ulkon√§k√∂ns√§ on t√§ydellinen.
joy	Hyv√§ Luoja, h√§n on tehnyt loistavaa ty√∂t√§.
not-joy	Jos olisi puolen litran t√∂lkki, niin viitsisi ostaa varmaankin useammin.
not-joy	Samaan aikaan esimerkiksi Fortum saa valtavat p√§√§st√∂tuet kahdesta valtiosta sek√§ nostaa s√§hk√∂n hintaa kuluttajille.
joy	Minulla on hyv√§√§ viini√§.
joy	Min√§ pidin siit√§ kun sain auttaa .
not-joy	Uusi, kaunis vaimoni on n√§et h√§ijyn mustasukkainen.
not-joy	Minulla on viel√§ reilut 400 euroa t√§m√§n vuoden avustusbudjetista k√§ytt√§m√§tt√§, elikk√§ etsin hyvi√§ lahjoituskohteita.
not-joy	Lopputuloksena sitten sattuu t√§ll√§ist√§.
not-joy	K√§ske Bobbyn tulla drinkille.
not-joy	Heli kyll√§ on √§√§nestyksest√§ heti ulkona kun siihen joutuu.
joy	H√§n oli l√§mmin ja se sai minut hymyilem√§√§n .
joy	Olet p√§iv√§n ensimm√§inen hyv√§ asia.
joy	Teet minut tosi onnelliseksi.
joy	Olen ylpe√§ sinusta, poikani!
not-joy	Ja sin√§ sen toteutit.
not-joy	W220 koska: Enemm√§n tilaa Ei tarvi keulia liikenteess√§.
joy	H√§nell√§ on hyv√§ maku.
not-joy	"Suomalainen j√§nnityselokuva on yleens√§ ollut kovasti huono-onninen surun lapsi - sit√§ kun ovat mennein√§ vuosina riepotelleet sek√§ huviveroja m√§tk√§ilev√§ sensuuri ett√§ pahat arvostelijat, jotka eiv√§t ole aina oikein tahtoneet ymm√§rt√§√§ kaikkia sen hienouksia", aloitti Leo Nordberg (Uusi Suomi 29.11.1959) arvionsa, joka oli kriittinen: "Viikon kotimaisen uutuuden suurin virhe on mielest√§ni siin√§, ett√§ elokuvasta on tietoisesti tai tiedottomasti tehty puhdaslinjaisen 'dekkarin' asemesta er√§√§nlainen kvasipsykologinen draama, jonka aineksina esiintyv√§t vakava aivokasvain, alkoholismi, keskenmeno ja oudot lemmensuhteet murhamysteerin j√§√§dess√§ t√§ysin toisarvoiselle sijalle."
not-joy	Unohda, mit√§ teini-i√§ss√§ tapahtui ja jatka matkaa.
not-joy	Joka tapauksessa vaivann√§k√∂ on niin suuri, ett√§ ei ole mit√§√§n j√§rke√§.
not-joy	En voinut olla huomaamatta, ett√§ nunnanpuvusta huolimatta olette aika nuori.
not-joy	‚Äù Silloin t√§ll√∂in t√§ytyy my√∂s tehd√§ hommia jossain perustyls√§ss√§ proggiksessa , joka ei sill√§ hetkell√§ nappaisi ollenkaan ‚Äù , toteaa S√§k√∂ puolestaan .
not-joy	Jos tied√§tte miss√§ h√§n on, kertokaa minulle, ennen kuin on liian my√∂haist√§.
not-joy	Omassa ymp√§rist√∂ss√§sikin on varmaan ihmisi√§, jotka ovat saaneet Sinulta vastakaikua ajatuksilleen, eik√§ palstakaan ole sama jos et Sin√§ olisi t√§√§ll√§.
not-joy	Pari ter√§v√§√§ sanaa tubettajista ja sen unohti koko asian...
not-joy	Vaalien j√§lkeen muodostettava hallitus saa TVO.n ja Fortumin hakumukset eteens√§ ja prosessi l√§htee etenem√§√§n tietysti ilman vastuita pakoilevia vihreit√§, jotka taas erosivat hallituksesta muutama kuukausi ennen vaaleja.
not-joy	Laajan territorion valvontaan liittyy paljon ongelmia.
joy	Ajetaan taajamissa √∂isin hiljaisia katuja pitkin keltaisten katuvalojen alla ja tehd√§√§n muistoja , jotka peitt√§v√§t alleen talven .
joy	5/5
not-joy	Ensinn√§kin se , ett√§ opettajille p√§√§t√∂s tuli kuin salama kirkkaalta taivaalta .
joy	En muista mink√§√§n muun tilaisuuden tuottaneen t√§llaista iloa.
joy	Ja niin jumalauta teenkin , olen niist√§ helvetin ylpe√§ !
not-joy	Meid√§n t√§ytyy saada apua Sarahille.
joy	T√§m√§ on h√§√§y√∂mme, enk√§ v√§lit√§ mist√§√§n muusta.
joy	Kaikki hyv√§ loppuu aikanaan , mutta onneksi tuhannet valokuvat , ihanat seikkailut ja kokemukset sek√§ kivat kaverit kultaavat muistot .
not-joy	Graham, sain juuri uudet Chewgood-luvut...
joy	Tuo oli parasta, mit√§ olen kuullut koko p√§iv√§n√§.
joy	Ja he kaikki eliv√§t onnellisina el√§m√§ns√§ loppuun asti.
joy	Olen siivoillut , touhuillut , siin√§ sivussa lauleskellut ja ottanut muutaman tanssiaskeleenkin . :)
not-joy	Sain anella h√§nt√§ hyv√§ksym√§√§n luottokortin.
not-joy	Rakas lapsi, t√§ss√§ maailmassa on paljon hyvi√§ kirjoja ilman kuvia.
joy	Se on mahtavaa, ihan kuin unelmaa.
not-joy	Fujitsu Siemens 24" LCD, pit√§isi olla parempi kontrasti, mutta ei ole tft.
not-joy	Vim ( Vi IMproved ) on Bram Moolenaarin luoma Vi-editoriin perustuva avoimen l√§hdekoodin terminaalipohjainen tekstieditori , joka toimii monissa k√§ytt√∂j√§rjestelmiss√§ ja on erityisesti ohjelmoijien suosiossa .
not-joy	Ei sent√§√§n !
not-joy	Kuusi voittoa per√§j√§lkeen ja kosolti rangaistusminuutteja.
joy	itse tehty kortti on ihana ja paras
joy	Minulla oli tosi kivaa.
joy	Teill√§ on mukava perhe.
joy	Huumoria oli tarpeeksi , er√§s t√§rke√§ teema oli tiede ja elokuvaseura oli mahtavaa .
joy	ILO UUDESTA TUOKSUSTA : )
joy	Se tuo parhaat puolesi esiin.
not-joy	Sukupuolella tai i√§ll√§ ei oo v√§li√§ vaan sill√§ ett√§ h√§n on umpirasisti. https://t.co/kx0XBccZZq
not-joy	tuo juha nyt vaan on niin saatanan tyhm√§, ettei se varmaan ole mit√§√§n matkustusasiakirjoja edes yritt√§nyt itselleen hankkia :)
joy	T√§√§ll√§ on parempi olla.
not-joy	Osaan neuloa katiskaksi soveltuvia villasukkia , maalata tasapainon kumoavia avaruuskukkia ja tehd√§ Vesuvius-kakkuja , jotka ihan oikeasti r√§j√§ht√§v√§t uunissa .
not-joy	Meid√§n pit√§isi k√§ytt√§√§ hyv√§ksi joka hetki.
joy	Ojensin lapselle k√§teni ja hymyilin .
joy	Sit meil oli kauheen mukavaa .
not-joy	√Ñiti, n√§it varmaan pahaa unta, siin√§ kaikki.
not-joy	Yh√§ uudestaan ja uudestaan , lakkaamatta ja itsepintaisesti , meid√§n on vaadittava selvi√∂t√§ , joka kuuluu kaikille : perusihmisoikeuksia , jotka ovat naisten oikeuksia .
not-joy	@DrakeSunniva @suldaansaid Asiallisesti k√§ytt√§ytyv√§ matkustaa mukavasti.
joy	Lasken p√§√§ni takaisin viltille ja suljen silm√§ni hymyillen .
joy	T√§m√§ on kiva takki.
joy	Vihdoinkin asumaan vuokralle !
not-joy	Ehk√§ sinun olisi pit√§nyt antaa √§idin p√§√§tt√§√§ itse.
joy	T√§n√§√§n on hyv√§ p√§iv√§ !
not-joy	Kaukana jopa tepsin tasosta.
joy	Oli todella hauskaa tavata teid√§t.
not-joy	Ja yll√§tyksekseni suureksi yll√§tyksekseni, on vaikeampaa hyv√§stell√§ kuin luulinkaan.
joy	Mukavaa, ett√§ pidit ruoasta.
not-joy	Viel√§ suurempi p√§√§nvaiva Fifty Shades of Grey taisi l√§hte√§ kiertoon jopa 2 eurolla.
joy	Halusin ostaa sinulle jotain hienoa.
not-joy	Siksi onkin my√∂s aika tuoda n√§k√∂kantamme selke√§sti esiin komission suuntaan .
not-joy	Kun olin sinun kanssasi , se oli taistelua maailma vastaan me .
not-joy	Koska raaka-aine maksaa enemm√§n kuin euron m√∂ss√∂, pit√§√§ olla valmis tekem√§√§n joskus toinen tai kolmaskin ruoka t√§hteist√§ ‚Äì jos ei satu olemaan varaa ostaa enemm√§nkin laadukasta, suomalaista lihaa.
not-joy	Mutta sen tulee olla hyv√§√§ ja puhdasta ‚Äì pikaruokaketjut , einekset ja puolivalmisteet saavat minut hurjistumaan .
not-joy	Neuletakkiin t√∂rm√§sin ensimm√§isen√§ , mutta en silti ostanut sit√§ suuna p√§√§n√§ .
joy	Minun tuli parempi olo
not-joy	Mulla toimii Mint virtualboxilla huomattavasti vikkel√§mmin kuin Atom.
not-joy	Itse oon haahuillut muutaman vuoden jo yliopistolla ja lukenut sit√§ t√§t√§ ja tota, mm. kielitiedett√§ ja filosofiaa (my√∂s logiikkaa parin kurssin verran).
not-joy	Sitten huomasin, etten ollut kuunnellut levy√§ moneen kuukauteen, vaikken ollut mielest√§ni edes ‚Äú k√§sitellyt ‚Äù sit√§ loppuun asti.
not-joy	Siin√§. Hitto, olen my√∂h√§ss√§.
not-joy	Ei Liliuksen palkkiot ehk√§ ole kovin oikeudenmukaisia, mutta ei siihen erityisesti taida olla hyvi√§ keinoja puuttua.
not-joy	Toki pelaaja teki virheit√§.
joy	T√§m√§ on suuri kunnia.
not-joy	Ja kun olin merijalkav√§ess√§, olin oliivi tai maastonv√§rinen - tai mink√§ v√§rinen p√§iv√§n univormu milloinkin oli.
joy	T√§ss√§ melkein tunsi syd√§men ja j√§rjen sopivan erimielisyytens√§ n√§in kauniin ja hallitun mekaanisen aaltoliikkeen olomuodon tulviessa ymp√§ri tilaa .
joy	Metrossa lapsi nauraa √§itins√§ syliss√§ ja osoittaa sormella , me nauramme takaisin .
not-joy	Pohjois-Savon liiton Marko Korhonen: "Sis√§ministeri√∂n painotuksilla maakunnissa ei voi olla juuri mit√§√§n valtion toimintoja" https://t.co/cV9E68JsVK
joy	hauskoissa h√§iss√§
not-joy	Miksi nostaa veroa koko ajan asialle jota suuri osa ihmisist√§ tarvitsee joka p√§iv√§?
joy	Se ei ehk√§ n√§yt√§ h√§√§pp√∂iselt√§, mutta olen ylpe√§ siit√§.
joy	Minulla taisi olla ilo tavata teid√§t liikkeess√§nne.
joy	Valo on jo voittamassa ja talvinen valkeus auttaa jaksamaan .
joy	Lis√§ksi Tappis poikkeaa huomattavasti edukseen kirjoitusten luettavuudessa ja sivujen selkeydess√§.
not-joy	T√§ss√§ suhteessa infrastruktuurin k√§ytt√∂mahdollisuuksista ja peruspalveluista tulee ratkaisevia tekij√∂it√§ .
not-joy	Est√§isik√∂ t√§m√§ Suomessakin pett√§mist√§?
joy	Nyt on v√§h√§n parempi.
not-joy	Pid√§t j√§rkev√§n√§ vastausta, koska se v√§hent√§√§ omia omantunnontuskiasi.
joy	Toisaalta , mik√§s sen hauskempaa kuin pari kappaletta jouluaattoja ! ;)
joy	Kultaseni, olet niin hyv√§ minulle.
joy	#JOKERIT VOITTAA!
joy	Olet korjannut menneet virheesi.
joy	Minut valtasi l√§mmin ja rauhallinen olo .
not-joy	Se sanoo liian paljon tai liian v√§h√§n , keskeytt√§√§ , l√∂rp√∂ttelee , vaikenee v√§√§r√§ll√§ hetkell√§ .
joy	Me voimme tehd√§ historiaa.
joy	Olen iloinen, ett√§ sanoit noin.
not-joy	Lokakuussa 2004 se siirtyi toimimaan itsen√§isesti yll√§pit√§jin√§√§n Gottfrid Svartholm ja Fredrik Neij , jotka luonnehtivat sivustoa aatteelliseksi toiminnaksi vapaan tiedonv√§lityksen puolesta .
not-joy	Koetapa poimia salaatinlehti√§ ja tomaatteja helteell√§.
not-joy	Sun on haastettava se mies otteluun Tommy.
not-joy	Jamie intt√§√§ kaikille, ettei is√§ voi olla murhaaja.
joy	Se on tosiaan aika hyv√§ vitsi.
joy	Voi taivas teill√§ on vieh√§tt√§v√§ puutarha.
joy	Siit√§ nauttisin m√§ kanssasi sun
not-joy	Oikea isku Dragolta paiskaa Rocky Balboan 3 metri√§ keh√§n halki.
not-joy	Manaukseni j√§lkeen olen el√§nyt nuhteettomasti.
not-joy	@pelintekija @Jumpankulma @joniheikkilae En pid√§ Valverdea huonona managerina, h√§nh√§n on repinyt maksimaalista tulosta tolla rosterilla, mutta se pelityyli mill√§ h√§n sen on tehnyt ei miellyt√§.
joy	He ovat viisaita, n√§m√§ vanhat naiset!
joy	Itsell√§ on kaikki l√§tyt WD:t√§ ja hitachista en ole kuullut kuin hyv√§√§.
not-joy	Espanja haluaa vied√§ Katalonialta autonomian - n√§in asiat etenev√§t t√§ll√§ viikolla https://t.co/bLKUx2ZH82
not-joy	T√§st√§ syyst√§ koko euroalue on nyt valtavissa vaikeuksissa , jotka p√§√§siv√§t syntym√§√§n vain siksi , ett√§ aikanaan oli ep√§korrektia ep√§ill√§ pyh√§n euroideologian puhtautta .
not-joy	T√§m√§ mahdollisesti syyn√§ my√∂s t√§m√§n kauden yleis√∂katoon= peli ei ole yht√§ viihdytt√§v√§√§ kuin ennen. 2/2 #LaLigaFi
joy	@MajorJulli HahaüòÇ t√§√§h√§n on aivan loistava.
joy	Otin paikkani valtuustossa: sain @fpuolue 1. varavaltuutetun pestin Helsingiss√§! Kiitos kaikille, jotka √§√§nestitte ja tsemppasitte!!! üéâüíïüíï https://t.co/KErUccuAax
not-joy	ja k√§ski tuoda kupposen teet√§.
not-joy	Eiv√§t koskaan tyhjene yht√§ hyvin kuin yhdest√§ putkesta veistetty vastineensa.
not-joy	Siel on niin pirusti noita nimi√§ ettei jaksa selata.
not-joy	Balboa ei ajattele selke√§sti.
joy	Nyt olen paljon rentoutuneempi.
joy	H√§nell√§ on todella hauskaa.
joy	Onpa mukava , ett√§ sait taas viran .
not-joy	Stylesin kartanossa, t√§ysin h√§nen el√§tett√§vin√§√§n - yst√§v√§llisyytt√§√§n ja anteliaisuuttaan.
joy	Siell√§ p√§√§se todella osoittamaan l√§himm√§iselleen sen rakkauden , jota joulun perimm√§inen sanoma meille muistuttaa .
joy	On mukava taas n√§hd√§ sinut.
joy	Sen kautta saamme suuremman lahjan , kuin mit√§ ikin√§ osaamme toivoa ! :)
not-joy	Uhriksi on turha kutsua itse√§√§n, jos ei osaa k√§ytt√§yty√§ ja poliisi joutuu k√§ytt√§m√§√§n voimakeinoja.
not-joy	H√§nell√§ on monta miesyst√§v√§√§, jotka viev√§t h√§nt√§ y√∂kerhoihin.
not-joy	En menet√§ t√§t√§ mist√§√§n hinnasta.
not-joy	Haluan olla mainio is√§.
not-joy	T√§m√§ nyt ei ole sitten testivoittaja, mutta kajarit l√∂ytyy.
not-joy	Tero Pitk√§m√§ki: "Eiv√§t saksalaiset voittamattomia ole" (https://t.co/FvYPT0PMME) https://t.co/8KTEz0AMWC
joy	Vuosi on pantu kaiken kaikkiaan siis hienosti alulle ja toivottavasti meininki tulee jatkumaan vuoden loppuun saakka .
joy	Mulla oli joskus joku vanha Thinkpad, Tykk√§sin ihan helvetisti.
not-joy	Klinga oli ainoa suomalaisista , joka joutui karsimaan .
not-joy	Etk√§ varmasti ole j√§rjilt√§si.
not-joy	Ikuista rakkautta kadehtien, ei kuolemattomuutta.
not-joy	Se on oikea nainen.
not-joy	Kaikki tuet v√§√§rist√§v√§t markkinoita, mink√§ vuoksi ne pit√§isi pyrki√§ kielt√§m√§√§n kansainv√§lisesti yhteisin sopimuksin.
not-joy	Jos radioiden joulusoittolistat selitt√§m√§tt√∂m√§sti jumiutuisivat p√§√§lle, ikuisiksi ajoiksi.
not-joy	Eip√§ kukaan rattijuoppoja kaipaa!
joy	Oma koti kullan kallis...
not-joy	Tuo 500 euroa + vanhasta kannettavasta saatu myyntihinta mahdollistaisi jo kohtuu tehokkaan uuden kannettavan hankinnan.
not-joy	Ehk√§ kymmenen vuoden p√§√§st√§ juhlimme kuusikymppisi√§ ja joku tuntee tarpeekseen sanoa , ett√§ ei se mies kyll√§ seitsem√§nkymppisi√§√§n n√§e .
not-joy	‚Äù Hmmh ‚Äù , Qazibe tuumasi liev√§sti pettyneen√§ .
joy	T√§m√§ on todella tervetullut n√§ky.
joy	Tuo on juuri sit√§, mit√§ olen kaivannutkin.
not-joy	P√§√§telm√§t saa tehd√§ itse.
not-joy	Kummallinen puolueenjohtaja kun ei ota kantaa mihink√§√§n kannattajia vaivaaviin kysymyksiin, esim. Halmeen tulevaisuudesta?
joy	Ihanhan t√§ss√§ her√§√§ helli√§ tunteita.
not-joy	Ei koskaan. Tuo sopii sinulle.
joy	Yl√∂s, ulos ja shoppaamaan!
joy	Eik√∂ kuu olekin kaunis t√§n√§ y√∂n√§?
not-joy	Mika Koskinen IL-TV:ss√§: "Viime vaaleissa fanaattisimmat Haaviston kannattajat saattoivat kuvitella, ett√§ h√§nell√§ olisi mahdollisuuksia.
joy	Hauskaa n√§hd√§ heid√§n uusi kotinsa ja toivottavasti tutustua uusiin ihmisiin siell√§ .
not-joy	Niin kauan kun perheiden moninaisuus ei n√§y tietojen ker√§√§mislomakkeissa, moni voi tuntea, ettei h√§nt√§ ole kyselyss√§ ollenkaan mukana, toteaa Nina Halme @THLorg #pridehouse #helsinkipride #yhdenvertaisuus #moninaisuus https://t.co/yS8VoAU0HT
not-joy	Oukei, sit√§kin kommenttia on kuultu ett√§ lyhyt tila mahdollistaa kirjoittajalle ‚Äù omien kynsiens√§ n√§ytt√§misen ‚Äù, eli ett√§ kuinka hyvin h√§n pystyy asian tiivist√§m√§√§n.
not-joy	Naiset tuntevat yleens√§ , ett√§ kumppani rakastaa h√§nt√§ , kun heill√§ on pitki√§ keskusteluja .
not-joy	Jos vakuuksia ei saada , Suomi ei ole paketissa mukana , eli se on v√§√§r√§ v√§ite .
not-joy	Noin pitk√§√§n yhdess√§ soittanut b√§ndi kuulostaa v√§kisinkin jo ihan hyv√§lt√§, mutta l√∂ytyyk√∂ sitten intoa puristaa viel√§ v√§h√§n ekstraa joka keikalle? 
not-joy	Vietin luultavasti liikaa aikaa h√§vitt√§jien parissa.
joy	Kiitos, kun saitte meid√§t elossa ulos.
joy	Rakastan t√§t√§ paikkaa .
not-joy	Saan tehty√§ kaksi kertaa enemm√§n t√∂it√§.
joy	Olen iloinen, ett√§ meill√§ on t√§llainen suljettu johtajien kokous.
not-joy	Oltiinpa asiasta mit√§ mielt√§ tahansa, minusta se kuvastaa ainakin sit√§, ett√§ markka-eurolaskuri ei ole h√§vinnyt minnek√§√§n suurelta osalta kansasta.
joy	Se on aika hyv√§.
joy	Olen iloinen siit√§, ett√§ keskustelimme asiasta.
joy	Ja meist√§ tulee eritt√§in onnellisia ja rikkaita.
joy	Eik√∂ h√§n olekin suloinen?
not-joy	Vatsalihasliikkeet etenkin syv√§t vatsalihakset auttavat kyll√§ pit√§m√§√§n vatsapakettia kasassa joten niist√§kin on hy√∂ty√§, mutta pelkk√§√§ vatsaa ei kannata treenata, vaan koko kehoa.
joy	IHANAA VUOTTA 2010 ! ! !
joy	Stella oli suurenmoinen tytt√∂.
not-joy	Kahvia yst√§v√§lleni, minulle 77 ja kollegalleni viski.
joy	Saimme mukavan talon kukkaistutuksineen.
joy	Min√§ rakastan sinua, Billy.
not-joy	Rocko antoi sulle tilaisuuden.
joy	Kerrassaan loistava idea! @Veikkausliiga
joy	Se johtuu siit√§, ett√§ olen hyv√§ rakastaja.
not-joy	Kadi my√∂s, ei mit√§√§n j√§rke√§ maata vain talossa.
not-joy	Tied√§th√§n, ett√§ mahdollisen evakuoinnin joutuu p√§√§s√§√§nt√∂isesti maksamaan itse ja se voi tulla yll√§tt√§v√§nkin kalliiksi.
not-joy	Ehk√§ min√§k√§√§n en v√§lit√§ miljoonista, jos panen sinua.
joy	T√§n√§√§n √§√§rimm√§isen nautinnollisen aamun j√§lkeen l√§hdimme koiran kanssa pitk√§lle k√§velyreitille joen toiselle puolelle .
joy	H√§n on mahtava soturi!
not-joy	N√§hd√§√§n Valkoisessa talossa, Joe.
not-joy	Etenk√§√§n, jos ovat kokoomuslaisia ja joissain tapauksissa keskustalsia.
joy	Osittain puuhailu on kyll√§ kivaa .
joy	Nam !
not-joy	Toivottavasti ette saa minusta liian pehme√§√§ ja filosofeeraavaa kuvaa .
not-joy	Ne ovat onttoja ja tyhji√§.
not-joy	Siin√§ on sattuvia vuorosanoja ja joskus tilanteitakin.
not-joy	Ja sekin ett√§ oikeestaan oli mik√§ maa vaan, se vuosi on todella pitk√§ aika.
joy	Onkin hieno ilta pit√§√§ juhlat.
not-joy	Montako 120vuotiasta naista sin√§ oikein tunnet?
not-joy	Voi noita sinun silmi√§si.
joy	Aika rient√§√§, kun on hauskaa.
joy	Uudesta p√§iv√§st√§ on innoissaan kuin uudesta ty√∂st√§ lottovoittajana .
joy	Siell√§ se kullannuppu on.
joy	Topshopissa koinkin sitten ihastumisen , kun kiinnitin heti ovella katseeni ihaniin nudekorkkareihin .
not-joy	Nyt koko jalkapalloyhteis√∂n tuki Salamille #Kuopio #KuPS https://t.co/eT3uXKsryx
not-joy	Voit aina luottaa meihin.
not-joy	@Wikmanni @Millakisu @mattiwaananen Ainakin Helsingin vesi hyv√§√§,P√§ij√§nne ja pohjavesivarannot meh√§n kylvemme + pesemme pyykin juomavedess√§
not-joy	√Ñiti, t√§ss√§ on Barney Coopersmith - kiertom√§nt√§moottorin keksij√§.
not-joy	Vene oli ajelehtinut kauemmas ja Simonides joutui pinnist√§m√§√§n viimeisetkin voimansa saadakseen uitua veneen luokse .
joy	P√§iv√§st√§ n√§ytt√§√§ tulevan kaunis.
not-joy	Viel√§ ei ole sulkemisaika.
not-joy	L√∂ytyy my√∂s Thinkpadeja parikin, T40 joka kyll√§kin bugailee kaikenn√§k√∂ist√§ muistiensa kanssa ja T42 joka kyll√§ pelaa kuin junan vessa mutta Ati FireGL korventaa reidet verille jos syliss√§ k√§yttelee Win7 kanssa.
not-joy	‚ÄúLain k√§yt√§nn√∂n toteutusta ei ole valmisteltu riitt√§v√§n pitk√§lle, joten tuotekehitt√§jille tulee suunnitteluvaiheissa vastaan √§√§rimm√§inen m√§√§r√§ kysymysmerkkej√§ sek√§ turhauttava tilanne, kun kukaan ei osaa ottaa selke√§sti kantaa‚Äù, sanoo @LariTuominen #psd2 https://t.co/VsvC65jMyS
joy	Meille on suuri kunnia t√§ss√§ yhteydess√§...
not-joy	Sekoituksita varmaan tiikerin p√§iv√§uni ja Karibian aurinko.
joy	T√§m√§ on paratiisi, Charlie.
not-joy	H√§n luuli voivansa saada rahat takaisin, ennenkuin huomaisit niiden kadonneen.
joy	Oikein hyv√§√§ huomenta, herrat.
not-joy	‚Äù Miten saada himot hyrr√§√§m√§√§n uudestaan vanhaan kumppaniin ‚Äù -kirjat ovat vallanneet kauppojen tiskit .
not-joy	Unohdin ottaa tuulen huomioon.
joy	Ihastuttavaa, ett√§ my√∂s te tulitte.
not-joy	Min√§ panostan koko potin.
joy	T√§√§ll√§ on hevonenkin valmiina.
joy	Lisa, se on t√§ydellinen.
joy	Se tuntui niin oikealta.
not-joy	Tulilinjalla luokituksensa kanssa on Wall Street Journalin mukaan my√∂s Britannia , jossa valtionvelan osuus bkt:sta on 77 prosenttia .
not-joy	Kyll√§ happamia ja hapokkaita juomia ois syyt√§ v√§ltt√§√§...
joy	Tunnen monta mukavaa tytt√∂√§.
not-joy	Williell√§ ja minulle n√§ytt√§√§ olevan sama ongelma.
not-joy	Juo se pullo kerralla, koska lasi joka p√§iv√§ on pienempi haitta kuin kahtena p√§iv√§n√§ litkit colaa koko p√§iv√§n...
joy	BARLEY HOMMISSA HYV√ÑLT√Ñ N√ÑYTT√Ñ√Ñ Hyv√§lt√§ n√§ytt√§√§.
not-joy	My√∂nt√§k√§√§ pois, ett√§ t√§m√§ tuomittu vanha sivilisaatio s√§ihkyy.
not-joy	en min√§ vaikea ole , vaan vahvatahtoinen .
not-joy	Rinteess√§ kapeat stoecklin allmountain sukset ja offareilla lenn√§n mustilla korpeilla.
not-joy	Mutta Atreyu - √§l√§ mene h√§nen luokseen vihan kanssa, vaan varoita h√§nt√§.
not-joy	Tarina nousee merest√§ ja usvasta, kulkee kappaleen mets√§maisemaa, kertoo ihmisest√§ rakentavana olentona ja h√§nen tunteistaan, jotka puhkeavat muutamiin herkkiin viihteellisiin sanoihin rakastetun olemuksesta.
joy	Se on oikein hyv√§.
joy	Haluan vain olla kanssasi.
joy	Sinulla on hyv√§ syd√§n.
not-joy	Sanon Hei l√§√§k√§ri on v√§h√§n kiire.
not-joy	Niinp√§. Valamiehist√∂ muistaa kuvat, joissa Carolyn on kidutettu hengilt√§.
not-joy	Rakastatte minua, ettek√∂ rakastakin?
not-joy	Toinen puoliaika t√§ytyy hoitaa tehokkaammin. #U19EUROfi
not-joy	Katsokaa, kuka t√§√§ll√§ on.
joy	Minulla on aina onnea.
joy	Olen iloinen, ett√§ kaikki menee hyvin.
joy	Sain kolme kalaa. ls√§ oli hirmu ylpe√§.
joy	Viimeiseksi haluaisin kiitt√§√§ j√§sen Rosado Fernandesia erinomaisesta ty√∂st√§ , jonka h√§n on tehnyt .
joy	H√§n oli hell√§ ja huolehtiva ja iloitsi menestyksest√§ni.
joy	H√§n on valtavan suloinen tytt√∂.
not-joy	Toimittajien sananvapausj√§rjest√∂ Toimittajat ilman rajoja on listannut Gaddafin vapaan median saalistajaksi .
not-joy	Ei m√§ciss√§ vikaa ole, mutta monivarsi on parempi.
joy	Eilinen ei unohdu hetkeen. üá´üáÆüíô
joy	Vaimonne oli hurmaava nainen.
joy	Onneksi tyt√∂t pit√§v√§t musta huolta .
not-joy	Laske alas miekkasi. Kumarru Buddhan edess√§!
not-joy	PeV:n asiantuntijat ovat hyvin kriittisi√§ sen suhteen, ett√§ #sote-lait voisi hyv√§ksy√§ normaalilakeina. https://t.co/r6ZBCKG0t9
not-joy	Sen j√§lkeen pimu on ulkona.
not-joy	Sin√§ pid√§ttelet v√§h√§n liikaa.
joy	Jessica, seh√§n on hienoa!
joy	Hauskaa lomaa Englannissa, rakas Arabella.
joy	Aika kunnioitettavaa .
joy	Ihan totta, mukava n√§hd√§ sinua.
joy	Uusi el√§m√§ my√∂s tuoksuu uudelta ! :)
joy	Silt√§ varalta, ett√§ unohdan sanoa sen my√∂hemmin: minulla oli mukava ilta.
not-joy	Minulla on teille jotain.
not-joy	Naurattaisi jos ei itkett√§isi. #ydinaseet https://t.co/wk1yiGHh8v
joy	Onnistuinpa hyvin, vai mit√§?
not-joy	K√§velin ty√∂huoneeseen p√§in, kun kuulin √§√§ni√§. Huoneesta kuului √§√§nek√§st√§ ja vihaista melua.
joy	Sait minut hyv√§lle tuulelle.
not-joy	Mielell√§ni. - √Ñl√§ ole kohtelias.
joy	Onni, ett√§ olet yhten√§ kappaleena.
joy	On muuten hienoa katsella joskus puulin pelej√§ ESPN:n striimeist√§, kun Steve h√§√§rii kakkosselostajana.
joy	N√§yt√§n hyv√§lt√§ minkkiturkissa, kulta.
not-joy	T√§m√§ on koulun perustamisp√§iv√§n ottelu.
joy	Tunnelin p√§√§ss√§ on valoa.
not-joy	Parempi toki, jos et jois lainkaan tai vaihda tavalliseen lightlimppariin, mink√§ pH on suurempi (parempi) eik√§ aiheuta reikiintymist√§.
not-joy	Ei tarvitse olla sen isompi kuin mit√§ oikeasti on .
joy	Ihanaa ! :)
not-joy	Tavallinen S-sarjan coupen tai A5-audin voisin jopa pit√§√§kin, nuo RS-AMG-yms mallit ei her√§t√§ juurikaan omistamisen haluja.
not-joy	Terveydenhuollossa siirrytt√§v√§ reaktiivisesta kohti proaktiivista ja prediktiivist√§ toimintatapaa.
joy	Nautin sen nostamasta lumip√∂llyst√§ , se tunkeutui sieraimiin ja suli silm√§ripsiin , olin romanttinen .
not-joy	Opettajana en p√§rj√§isi, kun √§√§ni menee parissa tunnissa.
joy	Haluan erityisesti kiitt√§√§ esittelij√§ Jarzembowskia ty√∂st√§ , jonka h√§n on t√§ss√§ asiassa tehnyt .
not-joy	Mutta meill√§ naisilla on my√∂s vastuu ‚Äì vastuu pukeutua hyv√§nn√§k√∂isesti ja huolitella itsemme niin , ett√§ tunnemme itsemme kauniiksi ja seksikk√§√§ksi .
joy	Parin p√§iv√§n juhlat sujui tosi kivasti , hyv√§ss√§ seurassa kavereiden luona ja my√∂hemmin kaupungilla juhlien .
not-joy	H√§n haluaa vain saada Brennanin pois niskastaan.
not-joy	Analyysi: Ahdistelua ja valheita ‚Äì brittiministerien erot horjuttavat Britannian hallitusta https://t.co/VDIt0R0dKa #yle
joy	Saat varmasti ison ylennyksen t√§m√§n jutun loputtua.
not-joy	aattelin vaan varottaa et k√§nnyk√§s ne dna palvelut on KALLIITA!
not-joy	Hyv√§√§ huomenta , p√§iv√§√§ ja iltaa .
not-joy	Kellari on ainoa turvallinen paikka.
not-joy	Suosittelisin kyll√§ v√§hint√§√§n sit√§ Viewsoniccia.
not-joy	Eih√§n nyt vappua jaksa joka p√§iv√§.
not-joy	Pit√§k√§√§h√§n varanne , ett eiv√§t omat rakkaat lapsenne k√§√§nny joskus teit√§ vastaan .
joy	Olohuoneessa palaa ihana tuli.
not-joy	Me kaikki seuraamme t√§t√§ kauhukertomusta mielenkiinnolla.
not-joy	Logistiikan toimialoista lentoliikenteen yritykset n√§kev√§t kysynn√§n elpymisen jonkin verran muita voimakkaampana .
joy	Yst√§v√§ni Freddie Tartastein kanavap√§√§llikk√∂ ilmoitti juuri ett√§ meill√§ on eniten katsojia koko television historiassa!
not-joy	Ja kyll√§h√§n n√§it√§ ohjelmiin nyky√§√§n hy√∂dynnet√§√§n musiikinopetuksessa, mutta ei niill√§ voi sit√§ kuitenkaan korvata
joy	Oli kolmosluokan ensimm√§inen p√§iv√§ , aurinko oli kirkas ja meill√§ molemmilla oli uudet hienot shortsit ja lenkkarit , niill√§ olisi hyv√§ pelata jalkapalloa v√§litunneilla .
joy	Kiva, kun olet kotona.
joy	Maailma on t√§n√§√§n t√§ynn√§ ihmeit√§ ja kauneutta .
not-joy	Se kertoisi sen, mit√§ tied√§mme, kertomalla sen, mit√§ emme tied√§.
joy	Tiesin joka solullani , ett√§ n√§m√§ ovat niit√§ viikkoja , joita muistellaan syksyll√§ , nauretaan porukalla , herkutellaan yksityiskohdilla .
joy	On kyll√§ kiva , kun tuolla sai hipel√∂id√§ kaikkea . :)
joy	H√§n tunsi itsens√§ voimakkaaksi ja oman itsens√§ herraksi.
joy	Seuraavana p√§iv√§n√§ sain kauan kaivattuja mamin korvapuusteja !
not-joy	Hanki mies, jolla on vetre√§mm√§t verisuonet.
not-joy	Ette aio tappaa sit√§ vaan pakastatte sen.
joy	Hintakin on aika perus sopiva, tais olla n. 30 euroa 0,7l pullo.
joy	Miten onnellisilta ihmiset n√§ytt√§v√§t.
joy	Tuntuu jo paljon paremmalta.
not-joy	28 p√§iv√§√§ my√∂hemmin Jim ( Cillian Murphy ) her√§√§ Lontoon sairaalasta ja alkaa ihmetell√§, miss√§ on kaikki ihmiset ja miksi koko kaupunki on tyhj√§?
not-joy	N√§eks√§, pelko on nyrkkeilij√§n paras yst√§v√§.
joy	Jennings on loistava opettaja.
not-joy	Mutta min√§ olen nyt t√§√§ll√§.
not-joy	T√§m√§ vierailu on aiheuttanut minulle aikamoista j√§nnityst√§.
joy	‚Äì Olen eritt√§in onnellinen .
joy	Oli hauska n√§hd√§ j√§lleen, mr Jordan.
not-joy	" Mit√§ vittuu noi roskikset r√§misee ? " Stilsu huutaa isoon √§√§neen et ne kuulis kans .
joy	On mukavaa olla avuksi.
joy	Hyv√§ Suomi !
joy	" Eik√∂ ole kaunis p√§iv√§ ? "
not-joy	Sairaaloilla ja l√§√§k√§riasemilla on yhteens√§ 1,2 miljardin euron arvosta maksamattomia laskuja , etuj√§rjest√∂n tiedottaja kertoo saksalaislehti Der Spiegelille .
joy	On kiva jos tulet
not-joy	Se nyt vain kutsui superihanan violetin v√§risen rintansa kanssa koko alkujohdannon ajan, joten pakkohan se oli yritt√§√§.
joy	Sain ihania joululahjoja, l√§hestulkoon kaikki mit√§ listassa oli, vaikka tarkoitus oli ett√§ siit√§ saa valita mink√§ hankkii.
not-joy	Ja koko ajan mietit kauanko viivyt√§n sinua t√§√§ll√§.
joy	Suomi voittaa naisten j√§√§kiekossa olympiapronssia!!!
not-joy	Ei sen tarvi muuttua.
not-joy	Monet katsoivat kuitenkin kokemattoman p√§√§parin kalpenevan ammattin√§yttelij√∂iden, erityisesti Juhani Niemel√§n, Kari V√§√§n√§sen ja Lasse P√∂ystin, seurassa.
not-joy	Miss√§ ja milloin tahansa.
not-joy	Kansainv√§lisen siirtolaisj√§rjest√∂n IOM:n johtajien mukaan on t√§rke√§√§ tunnistaa uhrit , tukea laillista maahanmuuttoa laittoman siirtolaisuuden torjumiseksi ja tiedottaa ihmiskaupan muodoista kuluttajien vastuun parantamiseksi ja ihmiskaupan yll√§pit√§misen sijaan sen torjumiseksi .
not-joy	Mutta sin√§ kiehdoit minua.
joy	Kysymys on eritt√§in t√§rke√§, ja oikein toteutuessaan avaa huikeita n√§k√∂aloja uudenlaiseen osaamiseen perustuvaan yhteiskuntaan ja ty√∂el√§m√§√§n, jossa oppiminen ei ole en√§√§ harvojen etuoikeus vaan kaikkien kansalaisoikeus, ja jossa riskeihin varaudutaan ennalta ja ihmisten osaamiseen panostetaan laajalti.
joy	- Olipa ihanaa olla kotona :)
joy	On hauska n√§hd√§ taas, Joseph.
joy	Miten ihanalta kaupank√§ynti tuoksuukaan aamuvarhain!
not-joy	Toivonkin lis√§√§ teid√§n kirjoituksianne mm. tavoistanne, ruuasta, perinteist√§, paikoista joihin ulkomaalaiset harvemmin osaavat hakeutua.
joy	Mukava p√§√§st√§ v√§lill√§ pois armeijasta.
not-joy	irl ei oikeastaan ratkaise yht√§√§n mit√§√§n.
not-joy	Ei siell√§ mit√§√§n vikaa ilmapiiriss√§ ollut.
not-joy	Muistutan , ett√§ mainitsemanne ep√§luottamuslauseen takana ovat poikkeuksetta kaikki parlamentin poliittiset ryhm√§t , eli yhteens√§ 69 j√§sent√§ .
not-joy	Ja nyt t√∂ihin !
joy	Se kuulostaa kivalta, poika.
joy	Kun katson sinua, syd√§meni ly√∂ kiivaasti.
not-joy	Ent√§ kymmenen kunniamerkkisuositusta - ja osaston enn√§tys rikollisten pid√§tt√§misess√§?
joy	Hymyilen .
joy	Innostuin juoksemaan vastakkaisella sein√§ll√§ olevalle sohvalle .
joy	Aivan mahtavaa ! ! :)
not-joy	Kaikki muu kellarissa oli p√∂lyist√§.
joy	Nyt tulee kaunis kes√§p√§iv√§
not-joy	Aikuiset miehet leikkiv√§t apinoiden kanssa.
not-joy	Kaikkea ei voi tai tarvitse mitata rahalla.
joy	Ja mik√§ parasta... H√§n pit√§√§ minua ihanana.
joy	Haluan toivottaa hyv√§√§ , rauhallista ja onnellista joulua kaikille tutuille ja tuntemattomille , yst√§ville ja rakkaille !
not-joy	Ja kuulemma my√∂s rahaa.
joy	Sairaiden luona vierailu tuo hyv√§n mielen sek√§ potilaalle ett√§ vierailijalle .
not-joy	H√§n ei luultavasti muista minua.
not-joy	Mist√§ s√§ l√∂yd√§t kaikki n√§√§ lelut?
not-joy	Haluatko lis√§√§ p√§hkinoit√§, ukki?
not-joy	Hal, mene yl√§kertaan penskan luokse.
joy	T√§lle p√§iv√§lle on luvassa onnekkaita sattumuksia, kunhan olet valmis el√§m√§√§n hetkess√§ ja tunteella.
joy	Nyt on hyv√§ olo.
not-joy	#Taskumatti saanut nimens√§ #Kallio'n #kirjasto'n perustajattaren #AlliTrygg'in aviomiehen mukaan!!!
not-joy	Junan viestilaitteet ovat menneet ep√§kuntoon.
joy	Kuulisin sen oikein mielell√§ni.
not-joy	Syyskausi ei liiemmin her√§tt√§nyt lupauksia , mutta konkurssiin ajautuneen Atlantiksen tilalle syntyneen AC Allianssin seurajohto p√§√§tti luottaa Kaijasiltaan .
not-joy	T√§m√§ on Civic Centrum, OT:n 100-kerroksinen lahja kaupungille.
not-joy	√Ñlk√§√§mme antako pienen v√§hemmist√∂n terrorisoida kaupungin hallintoa .
not-joy	‚Äù Totta kai Ne tiet√§v√§t ! ‚Äù
joy	Olemme kiitollisia kun saamme n√§hd√§ n√§m√§ taideteokset.
joy	On suuri ilo tavata teid√§t.
not-joy	Media uutisoi koko ajan Huhtasaaresta ep√§olennaisia juttuja.
not-joy	En koskaan tied√§ etuk√§teen, milloin olen nero.
not-joy	H√§n kai pit√§√§ siit√§.
joy	Se ilta oli el√§m√§ni onnellisin.
joy	Sit√§ on ollut ilo katsella.
joy	Ihanaa ja makeaa samppanjaa!
not-joy	Kyps√§√§, ehdotonta, j√§nnitt√§v√§√§ rakkautta.
not-joy	En haluaisi antaa liikaa tunnustusta Thomas J. Doylelle, mutta h√§n saattoi olla oikeassa, kun h√§n sanoi, ett√§ tuolla tapahtuu aika yksityisi√§ asioita.
joy	H√§n on ollut mulle kuin suojelusenkeli.
joy	Osakkeet voivat nousta pilviin!
not-joy	T√§√§ll√§ on yst√§v√§llisin vihollisesi, joka muistuttaa, ett√§ ottakaa rauhallisesti, - ja √§lk√§√§k√§ olko mihink√§√§n vapaaehtoisia.
not-joy	Voitteko tosiaan haudata jotain n√§in isoa?
not-joy	Chappie, tied√§n ett√§ minun v√§keni pit√§√§ sinun v√§est√§si.
joy	Ja nyt hyv√§ uutinen vanhoille pojille.
not-joy	En halua julkeuksia, OK?
not-joy	T√§nne p√§√§sy ei ollut helppoa.
not-joy	Tukisukkahousut tuntuisi hieman oudolta vaihtoehdolta, ja taitavat olla aika kire√§t my√∂s haaraosastosta.
joy	S√§√§styisimme vauvah√§ss√§k√§lt√§ ja siirtyisimme suoraan mukavaan hommaan, juhliin ja uusiin juhliin!
not-joy	Meid√§t on suunniteltu valokeilaan.
not-joy	Keskustorin mukulakivet ovat kuulemma ihan mahdottomat k√§vell√§ piikkikoroilla .
joy	Kun sin√§ et hermoile, olet hyvin kaunis ja hyvin pitk√§.
not-joy	H√§n on vain k√§nniss√§.
not-joy	Mit√§ ihmett√§ h√§n tekee?
joy	Kyll√§ ehdottomasti: Tahdooon rakastellla Sinuuaaa!!
not-joy	Kyll√§ nuukailuun tottuu, varsinkin kun tied√§t sen olevan tilap√§ist√§.
not-joy	Syksyll√§ alkaisi opiskelut , mutta nyt niille saattoi haistattaa pitk√§t .
joy	ja min√§ aloin nauraa.
not-joy	Nyt varotan ei kannata
not-joy	Allekirjoittanut on tunnustanut julkisesti skeptisyytens√§ SOT kajakkeja kohtaan, mutta n√§m√§ muuttivat kaiken.
joy	Toivottavasti olet onnellinen t√§√§ll√§.
not-joy	Beck, joka tunnetaan Rusettitappajana, saatiin t√§n√§ iltap√§iv√§n√§ kiinni. H√§n on matkalla takaisin liittovaltion vankilaan.
joy	Paras puhelu, jonka olen koskaan saanut.
not-joy	Cooper, anna minulle nauloja tuosta!
not-joy	J√§√§ viel√§ yhdeksi y√∂ksi.
not-joy	VW taas on Saksan autoteollisuuden lempilapsi tai niit√§ viimeisi√§ mohikaaneja.
not-joy	Ohjelma on muutenkin ehtaa antiikkia.
joy	On mukava n√§hd√§ sinua.
not-joy	Agilan Opel-perustaiset 1.0- ja 1.2-litraiset bensiinimoottorit olivat pienempi√§ mutta tehokkaampia kuin 1.3-litrainen , jota k√§ytettiin Euroopan markkinoilla Wagon R:ss√§ .
not-joy	Mutta n√§it√§h√§n riitt√§√§, sill√§ mik√§√§n ei ole helpompaa nykyisin, kuin kutsua itse√§√§n asiantuntijaksi.
not-joy	Se ei pid√§ ajatuksesta , ett√§ kaataisin siihen punaviini√§ tai jonkun iloisen drinkin .
not-joy	Crystal hei, haluan n√§ytt√§√§ yhden jutun...
not-joy	Ei nyt puhuta Georgesta tai ik√§vist√§ asioista.
not-joy	Periaatteet eiv√§t kuole, kun ne tuodaan valoon.
joy	Oli muutenkin aurinkoinen ja n√§tti p√§iv√§ , joten kadut olivat ihan t√§ynn√§ porukkaa jotka vaan juhli ja tanssi :)
joy	Suvivirsi raikasi , min√§ lauloin palkeitteni pohjista .
joy	Kivaa vappua ja Kuningattarenp√§iv√§√§ kaikille s√§√§dyille .
not-joy	Pit√§√§ pist√§√§ nuo muutkin kuunteluun l√§hiaikoina
not-joy	Mieliteisiin vaikuttaminen on t√§rke√§√§.
joy	Kiit√§n ihanista ihmisist√§ , jotka ovat osa el√§m√§√§ni .
not-joy	Haavisto pit√§isi l√§hett√§√§ heti ven√§j√§lle,miss√§ Homot joutuvat pakkohoitoon.
not-joy	T√§m√§ on sen verran rankka duuni, ett√§ saa nuoremmat jatkaa.
not-joy	Heill√§ on vakuuttava todistus useista Jumalan antamista rukousvastauksista ja voitoista yli vihollisen voimien Ugandan kansan kohdalla sek√§ eri paikkakunnilla Ugandassa.
joy	Meill√§ menee hyvin yhdess√§.
not-joy	Toivottavasti tuo tuosta tokenisi itsest√§√§n .
not-joy	Ja Drago iskee kovan oikean nyrkin, joka tainnuttaa Rocky Balboan.
joy	Sill√§ hetkell√§ minulla on kaikkea mit√§ voisin ikin√§ toivoa.
not-joy	Mustikkavaahto sopii vaikka v√§lipalaksi tai j√§lkiruoaksi .
joy	Siell√§ ulkopuolisuuteni jatkuu ja korostuu , mutta pid√§n siit√§ : pid√§n roolistani tarkkailijana .
joy	Hienoa oli my√∂s se , ett√§ alustavan vastauksen hyv√§ksymisest√§ sai jo viikon kuluttua hakemuksen j√§tt√§misest√§ .
joy	Seh√§n oli mukavaa, eik√∂ vaan?
not-joy	Vesiosuuskuntaan tai kunnalliseen verkkoon liittyminen tulee kalliiksi, lis√§ksi maksa sek√§ tulevasta puhtaasta vedest√§ ett√§ j√§tevedest√§.
not-joy	Olinhan tehnyt tyt√∂n olon aika ep√§mukavaksi.
joy	Oih, tied√§tk√∂, rakastan t√§t√§ aikaa vuodesta, kun kev√§t on tulossa.
joy	Ai saatana ku maistuu.
joy	Hollantilaiset kyll√§ osaa juhlia , jos on j√§√§nyt jollekin ep√§selv√§ksi ;)
not-joy	Panu n√§ytti √§kki√§ pel√§styneelt√§ .
joy	onnistunut
not-joy	Viran omais rikolllisia on kaikkialla.
joy	Hauska tavata, sisar Euphemia.
joy	On ilo tavata tytt√§renne.
not-joy	" Hei , otakin minusta erilainen syntym√§p√§iv√§kuva .
joy	Antoisaa viikonloppua ! : )
not-joy	Niin sitten voisimme ottaa teid√§t vastaan suurella kunnialla.
not-joy	Harrastukset ja ty√∂ ovat luistamassa koko ajan enemm√§n taiton ja kuvank√§sittelyn suuntaan, mutta olen silti edelleen aloittelija enk√§ aivan varma siit√§ kiinnit√§nk√∂ huomiota oikeisiin asioihin.
not-joy	(meinaan ne siin√§ pikaselaimessa) esim. horoskooppi + kaikki viihdepalvelut...
joy	" Ei , ei suinkaan , mukavahan t√§ss√§ oli v√§h√§n jalkojaan lepuuttaa . "
not-joy	Valitettavasti t√§m√§ ei tarkoita, ett√§ muutokset olisivat olleet aina hyvi√§.
joy	Sinulla on niin upea √§√§ni.
joy	otan t√§ss√§ vain v√§h√§n iloa irti kelist√§ . "
not-joy	Yeller kertoi, miten nyljit h√§net kerran nelosparilla.
not-joy	TOSIN, EU OLISI SUHTEESSA VIENYT KYLL√Ñ ENEMM√ÑN SITTEN RAHAA.
joy	Ett√§ olemme onnellisempia kuin ikin√§.
not-joy	En voi tiet√§√§ mik√§ olisi hyv√§ tai ei olisi.
joy	Sinun kanssasi on mukava jutella
not-joy	Katso, nyt olemme korkealla.
joy	P√§invastoin : kes√§ni oli paras vuosiin .
not-joy	Liiton mielest√§ oikeuden p√§√§t√∂s ei ole edes linjassa aiempien ratkaisujen kanssa : Suomen Sisun julkaisemista Muhammad-pilakuvista ja vapaa-ajattelijoiden sivuilla julkaistuista Jeesus-pilakuvista tehdyt tutkintapyynn√∂t p√§√§ttyiv√§t syytt√§m√§tt√§ j√§tt√§misiin .
joy	Tervetuloa Ernestin ja Fannyn lhmetuokioon.
not-joy	Olemme keksineet jotain, jota ihmiskunta on etsinyt aikojen alusta asti.
joy	Meill√§ on aika kes√§ist√§ :)
not-joy	Min√§ tosiaan olen joutsen.
not-joy	Kauris TAAS masentunut....:)
not-joy	T√§m√§ sopii hyvin yhteen sen kanssa , ett√§ t√§hti on vanha , ik√§ 7 - 11 √ó 109 vuotta .
not-joy	Muistatteko sen laulun, mink√§ englantilaissotilaat keksiv√§t?
not-joy	Olen harrastanut niit√§ 32:ssa, 25:ssa ja 30:ssa 34:ssa, 6:ssa, joka paikassa. Mutta minua kunnioitetaan.
not-joy	Idioottius ei parane mill√§√§n
joy	Katsokaa, miten kauniisti h√§n on kattanut p√∂yd√§n.
not-joy	Eik√§ h√§n oikeastaan koskaan ollut vihainen .
not-joy	Sit√§ on tuunattu niin paljo , et ei se en√§√§ taksista mee .
not-joy	Emolevyn tuki ei paljoa hy√∂dyt√§ jos l√§pp√§rin j√§√§hdytyksen mitoitus ei riit√§.
not-joy	‚Äù Kun kaikki ovat asiantuntijoita , ei tiukan hierarkkiselle organisaatiolle tilaa ‚Äù , Otaniemest√§ valmistunut Ruotsalainen toteaa .
not-joy	‚ÄùJos puhdas vesi, ravinto ja ilma sek√§ ilmaston s√§√§tely vaarantuvat, korvaaminen on vaikeaa, jopa mahdotonta.‚Äù
joy	Se on parasta viski√§, mihin olet huulesi kostuttanut, poika.
not-joy	"Miest√§ ei voi raiskata kiehtoo Donnerin ohjaustyylin lakonisuudella ja rauhallisuudella", koki Markku Tuuli (Katso 11/1978).
not-joy	Agraari- ja kansallissosialistien koalition kanssahan ei kukaan rehellinen halua tehd√§ kauppaa.
joy	Seuraavana aamuna sotilaat l√§htiv√§t, ja kaikki olivat tyytyv√§isi√§.
not-joy	Viet√§n koko p√§iv√§n valkaisten hajua pois, - sitten tulet kotiin ja minun t√§ytyy aloittaa uudelleen.
not-joy	Ja koska vasemmiston naapurissa asuu etatismi, niin lains√§√§t√§j√§t ja virkamiehet odottavat tekstink√§sittelyohjelmat valmiina, jotta he p√§√§sisiv√§t laatimaan uusia homolakeja, kuten edellisess√§ kappaleessa kirjoitin.
not-joy	senk√§√§nvertaista kielitieteellist√§ asiantuntemusta
not-joy	Luulin, ett√§ oli sairas.
not-joy	Olet aina pit√§nyt valepuvuista.
joy	Sitten h√§n oli yksin koko korttelissa , mahtava tunne .
joy	Ilostun todella, kun - n√§en, ett√§ Chiefs on palannut sotapolulle niin sanoakseni.
not-joy	Osta mielummin wrangen perusheraa
not-joy	Pete ajaa turvaremmit auki ja laatta lattiassa .
joy	Uskomatonta vaihtoaikaa on mukava muistella n√§in j√§lkik√§teen ja olenkin monesti todennut , ett√§ olen eritt√§in onnellinen , ett√§ l√§hdin Balille .
not-joy	@Jrvinen_J @veitera @OskuTorro @VanDerLuumi Kritiikki on suunnattu ennen kaikkea siihen tapaan, jolla viestint√§√§ tehty &virkamies vs. yksityishenkil√∂ menev√§t sekaisin.
joy	Siit√§ min√§kin olen t√§n√§√§n nauttinut .
not-joy	En n√∂yrry edes silloin kun on "pakko". :)
not-joy	Myytti joka on 99,95%:lle √§√§nest√§jist√§ outo.
not-joy	Uusi veitsi on tiskattu astianpesukoneessa , joten se on melko puhdas .
not-joy	√Ñitini.. h√§n olis toivonut, ett√§ se menee n√§in.
joy	Min√§ vain nauroin ja pyysin heit√§ jatkamaan.
not-joy	Turkki luonnehtii @hdpdemirtas'ia "vangituksi militantiksi, jota syytet√§√§n terroristiseen j√§rjest√∂√∂n kuulumisesta." https://t.co/eDKnXIzlE6
not-joy	Hieno musta-valko n√§kemys :" et kest√§ mit√§√§n √§√§ni√§, muuta mets√§√§n"
joy	- Ruisleip√§ + oivariini + oltermanni maistuu vaan niin hyv√§lt√§ .
joy	Puhun varmasti kaikkien puolesta - sanoessani, ett√§ ihailen teit√§ kovasti.
joy	On silti mukava palata kotiin.
not-joy	Seh√§n on komisario Japp.
joy	Ja mainio p√§iv√§ hernesopalle.
not-joy	Sinun on parasta olla...
not-joy	Tuo h√§net t√§nne ole kiltti.
joy	Teill√§ on ihastuttava talo.
not-joy	Hhhhmmmmmmmmm.
joy	Kaikki muu seksi on juhlaseksi√§ , silloin kun on aikaa molempien tyydytykselle , esileikeille , yhdynn√§lle , j√§lkileikille , uusinnoille - se kaikki on yht√§ juhlaa !
joy	Kiitos, ett√§ tulitte t√§n√§ iltana.
joy	Kuinka voin ikin√§ kiitt√§√§ teit√§ tarpeeksi, Monsieur Poirot.
joy	T√§m√§ kaveri on tosi vieh√§tt√§v√§.
not-joy	H√§n on noin iso.
joy	On mukava n√§hd√§ heid√§t yhdess√§, vai kuinka?
not-joy	Koska mit√§ sinulla onkin t√§√§ll√§ selvit√§n sen.
joy	Ihanaa , arki koitti ! :)
not-joy	Jos osaisimme suhtautua ja kasvattaa lapsemme niin , ett√§ h√§n v√§lttyisi h√§pe√§n tunteelta , niin olisimme tehneet jo paljon , vaikka emme osaisikaan kasvattaa lastamme seksuaalisesti vapaaksi henkil√∂ksi .
not-joy	Ja min√§ olisin maksanut 4 000.
not-joy	Paljon vaivaa mutta pahemminkin voisi olla (inferno).
joy	Hunajaiset rakuunaporkkanat ovat ihania ... kokeilkaas !
not-joy	Joskus viel√§ p√§√§set tyrm√§√§m√§√§n is√§si.
not-joy	Jani Toivola kertoi Arto Nybergille masennuksestaan ‚Äì 2-vuotiaalle tytt√§relle karjuminen havahdutti: ‚ÄùOli itsens√§ kanssa ahtaalla‚Äù https://t.co/ZdS2JudxV2
joy	Taisin vihdoin l√∂yt√§√§ urheilulajin, josta pid√§n.
not-joy	T√§m√§k√∂ on henke√§salpaava n√§k√∂alasi?
joy	T√§hdet ovat tukevasti taivaankannessa ja vuokrat maksettu, ja maailmassa kaikki hyvin.
not-joy	Olet kuukauden poissa, jos kaikki menee hyvin.
not-joy	Paikkoja Suomella oli useampaan maaliin, mutta viimeistely luokatonta.
not-joy	Sanoit ett√§ rakastat minua.
joy	Pid√§n, t√§m√§ on kaunis.
not-joy	.@unicef_fi toivoo, ett√§ @Maahanmuuttovir peruisi p√§√§t√∂ksens√§ turvapaikanhakijalasten kuulemisesta kun vanhemmat ovat k√§√§ntyneet kristityiksi.
not-joy	T√§m√§ on merkillisint√§, mit√§ senaatissa on koskaan n√§hty.
not-joy	En tied√§ kuinka k√§rsim√§t√∂n olet tuoton kanssa mutta jos maltat odottaa useamman vuoden niin ostaisin nyt ven√§j√§n kriisien takia arvonsa laskeneita firmoja, esim Nokian renkaat.
not-joy	Yht√§kki√§ jostain ilmestyi ritari. H√§n ratsasti valkoisella hevosella t√§ytt√§ laukkaa miekka tanassa!
not-joy	kun kertovat tuolta keskussairaalalta tosi huonosti, mit√§ meinaavat ottaa.
joy	Ylpein√§ ja innoissamme t√§ytimme taskumme nauhoilla ja illalla olimme siivonneet koko mets√§n .
joy	Voitto Suomelle! ‚Äì Koripallossa yksi asia on toisin: Junioreita on jo kauan innostettu muiden lajien pariin https://t.co/pQFrBgRENj
not-joy	Sanoin siskolle, ett√§ molemmatkin voi saada.
joy	Ihailin sit√§ platinakelloa, jossa oli timanttinumerot.
joy	He ovat hieno pari, John.
not-joy	Pit√§√§ n√§ytt√§√§ samalta jos haluamme sulautua.
joy	Taidamme tulla hyvin toimeen.
not-joy	Soitan Bob Benhamin tapauksesta.
not-joy	H√§nen arvionsa mukaan olemme terminaalissa 9 minuuttia vaille 11.
not-joy	Kuka sitten voisi auttaa?
joy	On niin mukavaa olla t√§√§ll√§.
joy	Sinun ansiostasi voin pit√§√§ t√§m√§n naisen sielun ikuisesti!
not-joy	Sin√§ itse halusit t√§t√§.
not-joy	K√§ske h√§nt√§ ottamaan yhteytt√§.
not-joy	Kyll√§ ihmiset k√§ytt√§v√§t sit√§ seini√§ vastaan.
joy	T√§m√§h√§n on todella hyv√§√§.
joy	Olen tarkallisesti kolme tuumaa pitk√§, ja se on oikein hyv√§ pituus.
not-joy	Ajattelin vain kysy√§ l√∂ysitk√∂ sytyttimesi.
joy	Mukavaa saada sinut seuraamme, Iso Kasino.
not-joy	Kuulehan, minuakin v√§h√§n pelottaa.
joy	Onneksi olen l√∂yt√§nyt keinon.
joy	Mrs Delaney on tehnyt upean p√§iv√§llisen.
not-joy	Ehk√§ patterit ovat lopussa.
joy	T√§m√§ on tosi siisti auto.
joy	Kiva n√§hd√§ teid√§t onnellisena.
not-joy	Kuinka monta naista siell√§ oli?
joy	Mukavaa, ett√§ satuitte t√§nne p√§in.
joy	Jo h√§nen seurassaan istuminen on minulle suuri kunnia.
not-joy	En voi menn√§ liian l√§helle naista.
joy	Suutaria, joka korjasi niin taitavasti tossuni.
joy	Hienoa. Se oli loistavaa.
not-joy	Miksi h√§n kirjoittaa sellaista?
joy	H√§n tanssi kuin enkeli.
not-joy	Koneessa ei n√§y muita vaurioita.
not-joy	Niilo Nikkari rakensi taloja ja Pasi Paakari leipoi leipi√§.
not-joy	Meik√§ pelaa varman p√§√§lle.
joy	On ilo n√§hd√§ sinut.
not-joy	Se on esimerkki muulle maailmalle.
joy	Se on varmaan mukavaa.
not-joy	Se√±or. Soitin paronille takaisin.
joy	√Ñl√§ naurata, ihoni alkaa halkeilla.
joy	Ei ihme, ett√§ miehenne rakastaa teit√§.
not-joy	Olette provisiopalkalla vai mit√§?
not-joy	Et sin√§ ole mies.
not-joy	Hyv√§t hermot ovat tarpeen.
